pkt,sample_idx,rssi,ant_array,channel,i,q
0,32,-56,1,24,-169,55
0,33,-56,1,24,-138,116
0,34,-56,1,24,-81,164
0,35,-56,1,24,-18,184
0,36,-56,1,24,56,178
0,37,-56,1,24,116,148
0,38,-56,1,24,164,90
0,39,-56,1,24,184,25
0,40,-56,1,24,177,-52
0,41,-56,1,24,143,-112
0,42,-56,1,24,79,-154
0,43,-56,1,24,9,-161
0,44,-56,1,24,-67,-134
0,45,-56,1,24,-119,-90
0,46,-56,1,24,-148,-30
0,47,-56,1,24,-150,26
0,48,-56,1,24,-128,84
0,49,-56,1,24,-95,124
0,50,-56,1,24,-46,146
0,51,-56,1,24,-1,142
0,52,-56,1,24,45,113
0,53,-56,1,24,76,76
0,54,-56,1,24,98,35
0,55,-56,1,24,107,0
0,56,-56,1,24,103,-32
0,57,-56,1,24,87,-74
0,58,-56,1,24,63,-115
0,59,-56,1,24,23,-155
0,60,-56,1,24,-23,-172
0,61,-56,1,24,-84,-160
0,62,-56,1,24,-137,-122
0,63,-56,1,24,-181,-56
0,64,-56,1,24,-192,13
0,65,-56,1,24,-169,86
0,66,-56,1,24,-120,134
0,67,-56,1,24,-40,158
0,68,-56,1,24,35,149
0,69,-56,1,24,107,109
0,70,-56,1,24,147,59
0,71,-56,1,24,159,-3
0,72,-56,1,24,145,-56
0,73,-56,1,24,110,-107
0,74,-56,1,24,69,-136
0,75,-56,1,24,20,-141
0,76,-56,1,24,-21,-125
0,77,-56,1,24,-59,-91
0,78,-56,1,24,-83,-58
0,79,-56,1,24,-99,-22
0,80,-56,1,24,-102,12
0,81,-56,1,24,-95,56
0,82,-56,1,24,-80,98
0,83,-56,1,24,-50,143
0,84,-56,1,24,-4,170
0,85,-56,1,24,51,169
0,86,-56,1,24,118,135
0,87,-56,1,24,167,76
0,88,-56,1,24,194,-4
0,89,-56,1,24,181,-73
0,90,-56,1,24,130,-129
0,91,-56,1,24,64,-154
0,92,-56,1,24,-17,-152
0,93,-56,1,24,-82,-128
0,94,-56,1,24,-134,-83
0,95,-56,1,24,-156,-32
0,128,-56,1,24,-107,-20
0,128,-56,1,24,27,-98
0,129,-56,1,24,-16,-107
0,129,-56,1,24,-106,24
0,130,-56,1,24,-60,-108
0,130,-56,1,24,-99,67
0,131,-56,1,24,-83,116
0,131,-56,1,24,-112,-98
0,132,-56,1,24,-55,153
0,132,-56,1,24,-150,-70
0,133,-56,1,24,-6,179
0,133,-56,1,24,-176,-17
0,134,-56,1,24,50,179
0,134,-56,1,24,-174,45
0,135,-56,1,24,114,151
0,135,-56,1,24,-143,116
0,136,-56,1,24,159,101
0,136,-56,1,24,-91,165
0,137,-56,1,24,180,27
0,137,-56,1,24,-16,186
0,138,-56,1,24,168,-40
0,138,-56,1,24,50,171
0,139,-56,1,24,120,-103
0,139,-56,1,24,111,117
0,140,-56,1,24,59,-138
0,140,-56,1,24,142,49
0,141,-56,1,24,145,-29
0,141,-56,1,24,-17,-148
0,142,-56,1,24,-82,-129
0,142,-56,1,24,120,-90
0,143,-56,1,24,81,-124
0,143,-56,1,24,-124,-93
0,144,-56,1,24,27,-142
0,144,-56,1,24,-148,-39
0,145,-56,1,24,-150,11
0,145,-56,1,24,-22,-141
0,146,-56,1,24,-134,59
0,146,-56,1,24,-71,-124
0,147,-56,1,24,-101,-94
0,147,-56,1,24,-104,90
0,148,-56,1,24,-58,111
0,148,-56,1,24,-117,-46
0,149,-56,1,24,-115,0
0,149,-56,1,24,-15,116
0,150,-56,1,24,-98,45
0,150,-56,1,24,32,109
0,151,-56,1,24,-75,73
0,151,-56,1,24,64,90
0,152,-56,1,24,-43,92
0,152,-56,1,24,89,56
0,153,-56,1,24,-7,104
0,153,-56,1,24,108,19
0,154,-56,1,24,43,113
0,154,-56,1,24,126,-32
0,155,-56,1,24,133,-81
0,155,-56,1,24,90,112
0,156,-56,1,24,137,90
0,156,-56,1,24,117,-133
0,157,-56,1,24,77,-168
0,157,-56,1,24,165,48
0,158,-56,1,24,8,-182
0,158,-56,1,24,173,-18
0,159,-56,1,24,157,-81
0,159,-56,1,24,-63,-170
0,160,-56,1,24,-134,-129
0,161,-56,1,24,-174,-74
0,162,-56,1,24,-184,-3
0,163,-56,1,24,-156,60
0,164,-56,1,24,-96,115
0,165,-56,1,24,-31,143
0,166,-56,1,24,38,146
0,167,-56,1,24,88,124
0,168,-56,1,24,126,78
0,169,-56,1,24,143,28
0,170,-56,1,24,142,-29
0,171,-56,1,24,116,-74
0,172,-56,1,24,77,-99
0,173,-56,1,24,26,-110
0,174,-56,1,24,-18,-107
0,175,-56,1,24,-57,-90
0,176,-56,1,24,-82,-64
0,177,-56,1,24,-105,-27
0,178,-56,1,24,-124,14
0,179,-56,1,24,-137,66
0,180,-56,1,24,-128,111
0,181,-56,1,24,-90,152
0,182,-56,1,24,-32,173
0,183,-56,1,24,46,173
0,184,-56,1,24,111,150
0,185,-56,1,24,160,95
0,186,-56,1,24,174,29
0,187,-56,1,24,152,-48
0,188,-56,1,24,109,-106
0,189,-56,1,24,48,-145
0,190,-56,1,24,-8,-152
0,191,-56,1,24,-66,-133
0,192,-56,1,24,-109,-97
0,193,-56,1,24,-141,-44
0,194,-56,1,24,-149,3
0,195,-56,1,24,-132,51
0,196,-56,1,24,-98,81
0,197,-56,1,24,-48,102
0,198,-56,1,24,-2,106
0,199,-56,1,24,41,97
0,200,-56,1,24,76,74
0,201,-56,1,24,103,44
0,202,-56,1,24,130,-2
0,203,-56,1,24,146,-48
0,204,-56,1,24,141,-102
0,205,-56,1,24,111,-143
0,206,-56,1,24,51,-173
0,207,-56,1,24,-15,-180
0,208,-56,1,24,-88,-161
0,209,-56,1,24,-139,-119
0,210,-56,1,24,-168,-49
0,211,-56,1,24,-162,21
0,212,-56,1,24,-126,93
0,213,-56,1,24,-75,137
0,214,-56,1,24,-11,156
0,215,-56,1,24,43,149
0,216,-56,1,24,94,115
0,217,-56,1,24,128,72
0,218,-56,1,24,145,19
0,219,-56,1,24,139,-25
0,220,-56,1,24,108,-67
0,221,-56,1,24,66,-94
0,222,-56,1,24,16,-110
0,223,-56,1,24,-23,-111
0,224,-56,1,24,-60,-97
0,225,-56,1,24,-91,-74
0,226,-56,1,24,-128,-36
0,227,-56,1,24,-157,5
0,228,-56,1,24,-170,60
0,229,-56,1,24,-147,118
0,230,-56,1,24,-98,161
0,231,-56,1,24,-20,186
0,232,-56,1,24,53,182
0,233,-56,1,24,121,145
0,234,-56,1,24,159,89
0,235,-56,1,24,166,12
0,236,-56,1,24,143,-55
0,237,-56,1,24,93,-112
0,238,-56,1,24,37,-138
0,239,-56,1,24,-26,-141
0,240,-56,1,24,-74,-123
0,241,-56,1,24,-116,-88
0,242,-56,1,24,-136,-48
0,243,-56,1,24,-136,-1
0,244,-56,1,24,-116,39
0,245,-56,1,24,-79,75
0,246,-56,1,24,-43,96
0,247,-56,1,24,-4,105
0,248,-56,1,24,30,103
0,249,-56,1,24,72,89
0,250,-56,1,24,111,69
0,251,-56,1,24,152,35
0,252,-56,1,24,173,-5
0,253,-56,1,24,170,-61
0,254,-56,1,24,141,-112
0,255,-56,1,24,83,-160
0,256,-56,1,24,19,-182
0,257,-56,1,24,-57,-176
0,258,-56,1,24,-118,-133
0,259,-56,1,24,-149,-70
0,260,-56,1,24,-150,13
0,261,-56,1,24,-127,81
0,262,-56,1,24,-79,133
0,263,-56,1,24,-25,154
0,264,-56,1,24,40,147
0,265,-56,1,24,89,120
0,266,-56,1,24,124,74
0,267,-56,1,24,132,28
0,268,-56,1,24,120,-21
0,269,-56,1,24,97,-57
0,270,-56,1,24,64,-88
0,271,-56,1,24,31,-104
0,272,-56,1,24,-10,-111
0,273,-56,1,24,-53,-108
0,274,-56,1,24,-103,-93
0,275,-56,1,24,-142,-66
0,276,-56,1,24,-169,-20
0,277,-56,1,24,-173,32
0,278,-56,1,24,-151,95
0,279,-56,1,24,-112,144
0,280,-56,1,24,-47,179
0,281,-56,1,24,20,182
0,282,-56,1,24,91,147
0,283,-56,1,24,134,89
0,284,-56,1,24,150,9
0,285,-56,1,24,137,-58
0,286,-56,1,24,100,-114
0,287,-56,1,24,48,-144
0,288,-56,1,24,-4,-151
0,289,-56,1,24,-59,-138
0,290,-56,1,24,-98,-111
0,291,-56,1,24,-122,-66
0,292,-56,1,24,-126,-20
0,293,-56,1,24,-111,32
0,294,-56,1,24,-87,70
0,295,-56,1,24,-51,95
0,296,-56,1,24,-14,102
0,297,-56,1,24,33,101
0,298,-56,1,24,76,94
0,299,-56,1,24,122,80
0,300,-56,1,24,155,53
0,301,-56,1,24,174,3
0,302,-56,1,24,169,-55
0,303,-56,1,24,134,-123
0,304,-56,1,24,78,-168
0,305,-56,1,24,2,-187
0,306,-56,1,24,-64,-168
0,307,-56,1,24,-118,-112
0,308,-56,1,24,-144,-46
0,309,-56,1,24,-145,29
0,310,-56,1,24,-123,85
0,311,-56,1,24,-77,126
0,312,-56,1,24,-24,144
0,313,-56,1,24,38,142
0,314,-56,1,24,82,123
0,315,-56,1,24,111,86
0,316,-56,1,24,117,38
0,317,-56,1,24,109,-8
0,318,-56,1,24,91,-54
0,319,-56,1,24,68,-84
0,320,-56,1,24,33,-105
0,321,-56,1,24,-9,-112
0,322,-56,1,24,-63,-111
0,323,-56,1,24,-110,-101
0,324,-56,1,24,-152,-71
0,325,-56,1,24,-173,-27
0,326,-56,1,24,-171,39
0,327,-56,1,24,-145,99
0,328,-56,1,24,-92,153
0,329,-56,1,24,-31,178
0,330,-56,1,24,41,170
0,331,-56,1,24,97,132
0,332,-56,1,24,139,63
0,333,-56,1,24,151,-5
0,334,-56,1,24,135,-74
0,335,-56,1,24,100,-118
0,336,-56,1,24,46,-147
0,337,-56,1,24,-4,-154
0,338,-56,1,24,-53,-141
0,339,-56,1,24,-86,-114
0,340,-56,1,24,-106,-68
0,341,-56,1,24,-112,-21
0,342,-56,1,24,-102,28
0,343,-56,1,24,-80,66
0,344,-56,1,24,-50,91
0,345,-56,1,24,-7,111
0,346,-56,1,24,38,122
0,347,-56,1,24,89,124
0,348,-56,1,24,132,107
0,349,-56,1,24,168,62
0,350,-56,1,24,182,1
0,351,-56,1,24,169,-78
0,352,-56,1,24,129,-141
0,352,-56,1,24,123,137
0,353,-56,1,24,59,-182
0,353,-56,1,24,169,75
0,354,-56,1,24,176,8
0,354,-56,1,24,-11,-183
0,355,-56,1,24,-83,-145
0,355,-56,1,24,145,-64
0,356,-56,1,24,-129,-87
0,356,-56,1,24,91,-113
0,357,-56,1,24,21,-140
0,357,-56,1,24,-149,-12
0,358,-56,1,24,-37,-139
0,358,-56,1,24,-143,49
0,359,-56,1,24,-112,101
0,359,-56,1,24,-88,-113
0,360,-56,1,24,-70,131
0,360,-56,1,24,-119,-75
0,361,-56,1,24,-138,-22
0,361,-56,1,24,-16,146
0,362,-56,1,24,-137,25
0,362,-56,1,24,30,140
0,363,-56,1,24,73,112
0,363,-56,1,24,-116,68
0,364,-56,1,24,99,73
0,364,-56,1,24,-80,95
0,365,-56,1,24,114,23
0,365,-56,1,24,-29,109
0,366,-56,1,24,111,-20
0,366,-56,1,24,15,106
0,367,-56,1,24,54,89
0,367,-56,1,24,96,-59
0,368,-56,1,24,78,64
0,368,-56,1,24,70,-85
0,369,-56,1,24,100,27
0,369,-56,1,24,32,-109
0,370,-56,1,24,-9,-128
0,370,-56,1,24,119,-11
0,371,-56,1,24,131,-61
0,371,-56,1,24,-60,-140
0,372,-56,1,24,-112,-131
0,372,-56,1,24,123,-110
0,373,-56,1,24,-152,-98
0,373,-56,1,24,92,-145
0,374,-56,1,24,-177,-33
0,374,-56,1,24,32,-168
0,375,-56,1,24,-175,37
0,375,-56,1,24,-33,-169
0,376,-56,1,24,-144,109
0,376,-56,1,24,-103,-144
0,377,-56,1,24,-95,152
0,377,-56,1,24,-149,-101
0,378,-56,1,24,-168,-34
0,378,-56,1,24,-26,169
0,379,-56,1,24,39,151
0,379,-56,1,24,-152,31
0,380,-56,1,24,103,103
0,380,-56,1,24,-104,96
0,381,-56,1,24,-47,131
0,381,-56,1,24,140,45
0,382,-56,1,24,152,-21
0,382,-56,1,24,17,140
0,383,-56,1,24,67,121
0,383,-56,1,24,136,-71
0,384,-56,1,24,96,-112
0,385,-56,1,24,52,-135
0,386,-56,1,24,2,-142
0,387,-56,1,24,-39,-129
0,388,-56,1,24,-76,-95
0,389,-56,1,24,-98,-56
0,390,-56,1,24,-107,-9
0,391,-56,1,24,-101,27
0,392,-56,1,24,-81,62
0,393,-56,1,24,-57,93
0,394,-56,1,24,-22,127
0,395,-56,1,24,20,151
0,396,-56,1,24,75,155
0,397,-56,1,24,125,130
0,398,-56,1,24,169,74
0,399,-56,1,24,185,6
0,400,-56,1,24,171,-71
0,401,-56,1,24,125,-132
0,402,-56,1,24,67,-162
0,403,-56,1,24,-7,-160
0,404,-56,1,24,-67,-132
0,405,-56,1,24,-119,-77
0,406,-56,1,24,-144,-21
0,407,-56,1,24,-146,41
0,408,-56,1,24,-127,87
0,409,-56,1,24,-87,124
0,410,-56,1,24,-42,138
0,411,-56,1,24,11,133
0,412,-56,1,24,51,110
0,413,-56,1,24,84,72
0,414,-56,1,24,100,36
0,415,-56,1,24,106,-2
0,416,-56,1,24,100,-36
0,417,-56,1,24,84,-78
0,418,-56,1,24,60,-118
0,419,-56,1,24,18,-155
0,420,-56,1,24,-30,-170
0,421,-56,1,24,-89,-155
0,422,-56,1,24,-137,-117
0,423,-56,1,24,-173,-52
0,424,-56,1,24,-181,17
0,425,-56,1,24,-159,91
0,426,-56,1,24,-111,141
0,427,-56,1,24,-35,166
0,428,-56,1,24,38,154
0,429,-56,1,24,105,111
0,430,-56,1,24,141,51
0,431,-56,1,24,149,-5
0,432,-56,1,24,133,-62
0,433,-56,1,24,105,-102
0,434,-56,1,24,64,-129
0,435,-56,1,24,22,-134
0,436,-56,1,24,-28,-117
0,437,-56,1,24,-67,-87
0,438,-56,1,24,-98,-46
0,439,-56,1,24,-110,-10
0,440,-56,1,24,-107,28
0,441,-56,1,24,-94,64
0,442,-56,1,24,-70,108
0,443,-56,1,24,-40,144
0,444,-56,1,24,6,171
0,445,-56,1,24,56,171
0,446,-56,1,24,114,139
0,447,-56,1,24,157,89
0,448,-56,1,24,181,17
0,449,-56,1,24,175,-50
0,450,-56,1,24,132,-113
0,451,-56,1,24,68,-146
0,452,-56,1,24,-14,-149
0,453,-56,1,24,-78,-126
0,454,-56,1,24,-128,-80
0,455,-56,1,24,-148,-28
0,456,-56,1,24,-144,34
0,457,-56,1,24,-121,85
0,458,-56,1,24,-81,125
0,459,-56,1,24,-33,140
0,460,-56,1,24,11,129
0,461,-56,1,24,55,100
0,462,-56,1,24,84,68
0,463,-56,1,24,102,28
0,464,-56,1,24,105,-10
0,465,-56,1,24,96,-58
0,466,-56,1,24,81,-102
0,467,-56,1,24,55,-145
0,468,-56,1,24,22,-170
0,469,-56,1,24,-30,-175
0,470,-56,1,24,-85,-154
0,471,-56,1,24,-143,-107
0,472,-56,1,24,-177,-45
0,473,-56,1,24,-184,32
0,474,-56,1,24,-154,95
0,475,-56,1,24,-89,144
0,476,-56,1,24,-14,158
0,477,-56,1,24,68,139
0,478,-56,1,24,124,100
0,479,-56,1,24,154,40
0,480,-56,1,24,154,-17
0,481,-56,1,24,130,-72
0,482,-56,1,24,97,-104
0,483,-56,1,24,54,-121
0,484,-56,1,24,12,-122
0,485,-56,1,24,-34,-108
0,486,-56,1,24,-70,-86
0,487,-56,1,24,-96,-51
0,488,-56,1,24,-106,-7
0,489,-56,1,24,-105,35
0,490,-56,1,24,-100,82
0,491,-56,1,24,-89,123
0,492,-56,1,24,-57,160
0,493,-56,1,24,-10,177
0,494,-56,1,24,58,168
0,495,-56,1,24,117,135
0,496,-56,1,24,166,73
0,497,-56,1,24,182,9
0,498,-56,1,24,161,-61
0,499,-56,1,24,113,-110
0,500,-56,1,24,38,-140
0,501,-56,1,24,-30,-142
0,502,-56,1,24,-94,-119
0,503,-56,1,24,-132,-78
0,504,-56,1,24,-153,-18
0,505,-56,1,24,-152,36
0,506,-56,1,24,-132,85
0,507,-56,1,24,-98,109
0,508,-56,1,24,-48,114
0,509,-56,1,24,-1,107
0,510,-56,1,24,46,89
0,511,-56,1,24,77,68
0,512,-56,1,24,101,36
0,513,-56,1,24,116,1
0,514,-56,1,24,126,-49
0,515,-56,1,24,122,-99
0,516,-56,1,24,95,-150
0,517,-56,1,24,38,-182
0,518,-56,1,24,-28,-182
0,519,-56,1,24,-102,-153
0,520,-56,1,24,-152,-104
0,521,-56,1,24,-179,-35
0,522,-56,1,24,-169,29
0,523,-56,1,24,-123,91
0,524,-56,1,24,-64,131
0,525,-56,1,24,6,147
0,526,-56,1,24,61,137
0,527,-56,1,24,109,101
0,528,-56,1,24,137,53
0,529,-56,1,24,148,-6
0,530,-56,1,24,138,-52
0,531,-56,1,24,107,-89
0,532,-56,1,24,66,-106
0,533,-56,1,24,15,-113
0,534,-56,1,24,-26,-107
0,535,-56,1,24,-64,-88
0,536,-56,1,24,-89,-58
0,537,-56,1,24,-111,-14
0,538,-56,1,24,-125,31
0,539,-56,1,24,-130,83
0,540,-56,1,24,-118,126
0,541,-56,1,24,-78,164
0,542,-56,1,24,-21,181
0,543,-56,1,24,56,173
0,544,-56,1,24,118,140
0,545,-56,1,24,165,80
0,546,-56,1,24,174,7
0,547,-56,1,24,151,-56
0,548,-56,1,24,96,-113
0,549,-56,1,24,36,-143
0,550,-56,1,24,-31,-151
0,551,-56,1,24,-83,-132
0,552,-56,1,24,-127,-86
0,553,-56,1,24,-147,-32
0,554,-56,1,24,-143,25
0,555,-56,1,24,-122,64
0,556,-56,1,24,-81,91
0,557,-56,1,24,-39,103
0,558,-56,1,24,6,106
0,559,-56,1,24,41,97
0,560,-56,1,24,73,75
0,561,-56,1,24,100,43
0,562,-56,1,24,128,-1
0,563,-56,1,24,145,-48
0,564,-56,1,24,144,-101
0,565,-56,1,24,118,-143
0,566,-56,1,24,59,-175
0,567,-56,1,24,-10,-182
0,568,-56,1,24,-89,-164
0,569,-56,1,24,-143,-124
0,570,-56,1,24,-172,-57
0,571,-56,1,24,-165,13
0,572,-56,1,24,-125,88
0,573,-56,1,24,-69,139
0,574,-56,1,24,1,162
0,575,-56,1,24,67,146
0,576,-56,1,24,114,106
0,577,-56,1,24,146,49
0,578,-56,1,24,151,0
0,579,-56,1,24,130,-45
0,580,-56,1,24,97,-73
0,581,-56,1,24,54,-95
0,582,-56,1,24,17,-106
0,583,-56,1,24,-20,-108
0,584,-56,1,24,-53,-98
0,585,-56,1,24,-91,-72
0,586,-56,1,24,-124,-38
0,587,-56,1,24,-149,12
0,588,-56,1,24,-154,61
0,589,-56,1,24,-131,116
0,590,-56,1,24,-88,156
0,591,-56,1,24,-16,180
0,592,-56,1,24,56,174
0,593,-56,1,24,124,135
0,594,-56,1,24,158,76
0,595,-56,1,24,158,-3
0,596,-56,1,24,129,-68
0,597,-56,1,24,80,-124
0,598,-56,1,24,29,-149
0,599,-56,1,24,-30,-152
0,600,-56,1,24,-81,-130
0,601,-56,1,24,-126,-86
0,602,-56,1,24,-148,-38
0,603,-56,1,24,-143,16
0,604,-56,1,24,-113,59
0,605,-56,1,24,-76,85
0,606,-56,1,24,-30,101
0,607,-56,1,24,6,102
0,608,-56,1,24,42,92
0,609,-56,1,24,73,75
0,610,-56,1,24,108,47
0,611,-56,1,24,138,17
0,612,-56,1,24,160,-26
0,613,-56,1,24,158,-73
0,614,-56,1,24,127,-127
0,615,-56,1,24,71,-166
0,616,-56,1,24,-11,-184
0,617,-56,1,24,-83,-170
0,618,-56,1,24,-141,-115
0,619,-56,1,24,-163,-45
0,620,-56,1,24,-148,40
0,621,-56,1,24,-108,101
0,622,-56,1,24,-49,142
0,623,-56,1,24,5,155
1,32,-62,1,30,-87,-19
1,33,-62,1,30,-89,13
1,34,-62,1,30,-78,47
1,35,-62,1,30,-57,72
1,36,-62,1,30,-25,89
1,37,-62,1,30,10,90
1,38,-62,1,30,49,75
1,39,-62,1,30,78,49
1,40,-62,1,30,95,13
1,41,-62,1,30,91,-26
1,42,-62,1,30,70,-60
1,43,-62,1,30,27,-94
1,44,-62,1,30,-20,-111
1,45,-62,1,30,-71,-105
1,46,-62,1,30,-106,-78
1,47,-62,1,30,-126,-30
1,48,-62,1,30,-128,17
1,49,-62,1,30,-114,65
1,50,-62,1,30,-85,101
1,51,-62,1,30,-47,118
1,52,-62,1,30,2,118
1,53,-62,1,30,44,102
1,54,-62,1,30,80,72
1,55,-62,1,30,99,41
1,56,-62,1,30,106,1
1,57,-62,1,30,101,-39
1,58,-62,1,30,86,-69
1,59,-62,1,30,59,-89
1,60,-62,1,30,29,-93
1,61,-62,1,30,-9,-85
1,62,-62,1,30,-41,-71
1,63,-62,1,30,-69,-49
1,96,-62,1,30,-130,22
1,97,-62,1,30,-113,70
1,98,-62,1,30,-85,103
1,99,-62,1,30,-42,121
1,100,-62,1,30,5,117
1,101,-62,1,30,45,100
1,102,-62,1,30,81,69
1,103,-62,1,30,100,34
1,104,-62,1,30,103,-9
1,105,-62,1,30,94,-43
1,106,-62,1,30,77,-73
1,107,-62,1,30,59,-86
1,108,-62,1,30,35,-92
1,109,-62,1,30,2,-90
1,110,-62,1,30,-34,-83
1,111,-62,1,30,-72,-66
1,112,-62,1,30,-96,-38
1,113,-62,1,30,-101,4
1,114,-62,1,30,-84,47
1,115,-62,1,30,-45,90
1,116,-62,1,30,1,112
1,117,-62,1,30,55,113
1,118,-62,1,30,98,87
1,119,-62,1,30,121,45
1,120,-62,1,30,125,-12
1,121,-62,1,30,110,-60
1,122,-62,1,30,79,-100
1,123,-62,1,30,42,-119
1,124,-62,1,30,-5,-120
1,125,-62,1,30,-51,-102
1,126,-62,1,30,-85,-73
1,127,-62,1,30,-107,-32
1,160,-62,1,30,42,-83
1,161,-62,1,30,10,-92
1,162,-62,1,30,-36,-85
1,163,-62,1,30,-78,-60
1,164,-62,1,30,-112,-18
1,165,-62,1,30,-121,25
1,166,-62,1,30,-107,70
1,167,-62,1,30,-67,105
1,168,-62,1,30,-21,122
1,169,-62,1,30,33,120
1,170,-62,1,30,74,101
1,171,-62,1,30,103,62
1,172,-62,1,30,112,18
1,173,-62,1,30,104,-30
1,174,-62,1,30,83,-67
1,175,-62,1,30,49,-94
1,176,-62,1,30,7,-106
1,177,-62,1,30,-27,-104
1,178,-62,1,30,-56,-94
1,179,-62,1,30,-73,-77
1,180,-62,1,30,-83,-47
1,181,-62,1,30,-86,-11
1,182,-62,1,30,-82,30
1,183,-62,1,30,-72,60
1,184,-62,1,30,-50,81
1,185,-62,1,30,-15,89
1,186,-62,1,30,26,85
1,187,-62,1,30,77,62
1,188,-62,1,30,112,23
1,189,-62,1,30,125,-31
1,190,-62,1,30,109,-79
1,191,-62,1,30,67,-118
1,224,-62,1,30,43,-102
1,224,-62,1,30,95,34
1,225,-62,1,30,-3,-109
1,225,-62,1,30,104,-3
1,226,-62,1,30,-41,-100
1,226,-62,1,30,101,-35
1,227,-62,1,30,-64,-81
1,227,-62,1,30,88,-56
1,228,-62,1,30,-75,-52
1,228,-62,1,30,61,-73
1,229,-62,1,30,-79,-22
1,229,-62,1,30,30,-83
1,230,-62,1,30,-8,-87
1,230,-62,1,30,-81,14
1,231,-62,1,30,-38,-84
1,231,-62,1,30,-77,45
1,232,-62,1,30,-67,-70
1,232,-62,1,30,-59,74
1,233,-62,1,30,-87,-44
1,233,-62,1,30,-27,91
1,234,-62,1,30,-97,2
1,234,-62,1,30,23,93
1,235,-62,1,30,77,70
1,235,-62,1,30,-86,59
1,236,-62,1,30,112,29
1,236,-62,1,30,-54,104
1,237,-62,1,30,125,-28
1,237,-62,1,30,-4,131
1,238,-62,1,30,109,-76
1,238,-62,1,30,45,127
1,239,-62,1,30,69,-112
1,239,-62,1,30,90,96
1,240,-62,1,30,118,57
1,240,-62,1,30,24,-129
1,241,-62,1,30,-28,-129
1,241,-62,1,30,132,9
1,242,-62,1,30,-68,-113
1,242,-62,1,30,129,-31
1,243,-62,1,30,-98,-77
1,243,-62,1,30,106,-71
1,244,-62,1,30,-109,-32
1,244,-62,1,30,63,-98
1,245,-62,1,30,-104,10
1,245,-62,1,30,16,-110
1,246,-62,1,30,-35,-104
1,246,-62,1,30,-87,51
1,247,-62,1,30,-64,77
1,247,-62,1,30,-70,-83
1,248,-62,1,30,-30,95
1,248,-62,1,30,-96,-45
1,249,-62,1,30,-105,-6
1,249,-62,1,30,3,103
1,250,-62,1,30,-104,32
1,250,-62,1,30,39,100
1,251,-62,1,30,-90,58
1,251,-62,1,30,66,82
1,252,-62,1,30,-71,71
1,252,-62,1,30,80,56
1,253,-62,1,30,86,19
1,253,-62,1,30,-43,81
1,254,-62,1,30,-14,85
1,254,-62,1,30,85,-16
1,255,-62,1,30,22,84
1,255,-62,1,30,75,-53
1,288,-62,1,30,28,-125
1,288,-62,1,30,117,59
1,289,-62,1,30,-23,-127
1,289,-62,1,30,134,8
1,290,-62,1,30,-60,-115
1,290,-62,1,30,128,-36
1,291,-62,1,30,99,-77
1,291,-62,1,30,-88,-86
1,292,-62,1,30,58,-99
1,292,-62,1,30,-103,-50
1,293,-62,1,30,-110,-6
1,293,-62,1,30,7,-109
1,294,-62,1,30,-102,37
1,294,-62,1,30,-39,-105
1,295,-62,1,30,-81,67
1,295,-62,1,30,-71,-87
1,296,-62,1,30,-44,89
1,296,-62,1,30,-97,-55
1,297,-62,1,30,-9,99
1,297,-62,1,30,-110,-20
1,298,-62,1,30,26,98
1,298,-62,1,30,-112,17
1,299,-62,1,30,50,89
1,299,-62,1,30,-102,43
1,300,-62,1,30,70,67
1,300,-62,1,30,-78,64
1,301,-62,1,30,82,39
1,301,-62,1,30,-50,77
1,302,-62,1,30,90,3
1,302,-62,1,30,-14,86
1,303,-62,1,30,25,88
1,303,-62,1,30,86,-34
1,304,-62,1,30,72,-63
1,304,-62,1,30,59,77
1,305,-62,1,30,91,45
1,305,-62,1,30,38,-88
1,306,-62,1,30,-5,-94
1,306,-62,1,30,105,-2
1,307,-62,1,30,95,-65
1,307,-62,1,30,-60,-82
1,308,-62,1,30,62,-111
1,308,-62,1,30,-101,-52
1,309,-62,1,30,11,-138
1,309,-62,1,30,-127,-5
1,310,-62,1,30,-37,-132
1,310,-62,1,30,-122,41
1,311,-62,1,30,-90,86
1,311,-62,1,30,-82,-100
1,312,-62,1,30,-42,116
1,312,-62,1,30,-112,-58
1,313,-62,1,30,-125,-20
1,313,-62,1,30,3,127
1,314,-62,1,30,49,118
1,314,-62,1,30,-122,21
1,315,-62,1,30,79,94
1,315,-62,1,30,-105,55
1,316,-62,1,30,98,53
1,316,-62,1,30,-68,84
1,317,-62,1,30,-27,99
1,317,-62,1,30,103,13
1,318,-62,1,30,22,98
1,318,-62,1,30,97,-32
1,319,-62,1,30,64,79
1,319,-62,1,30,77,-70
1,320,-62,1,30,-92,-53
1,320,-62,1,30,90,52
1,321,-62,1,30,107,19
1,321,-62,1,30,-108,-20
1,322,-62,1,30,111,-10
1,322,-62,1,30,-112,18
1,323,-62,1,30,-102,45
1,323,-62,1,30,102,-37
1,324,-62,1,30,-78,67
1,324,-62,1,30,84,-60
1,325,-62,1,30,53,-82
1,325,-62,1,30,-50,80
1,326,-62,1,30,23,-93
1,326,-62,1,30,-13,89
1,327,-62,1,30,21,90
1,327,-62,1,30,-14,-95
1,328,-62,1,30,57,74
1,328,-62,1,30,-51,-82
1,329,-62,1,30,-80,-56
1,329,-62,1,30,83,39
1,330,-62,1,30,-99,-10
1,330,-62,1,30,94,-4
1,331,-62,1,30,-98,40
1,331,-62,1,30,85,-59
1,332,-62,1,30,-72,93
1,332,-62,1,30,57,-101
1,333,-62,1,30,10,-128
1,333,-62,1,30,-32,124
1,334,-62,1,30,-37,-127
1,334,-62,1,30,19,131
1,335,-62,1,30,-83,-101
1,335,-62,1,30,62,114
1,336,-62,1,30,-111,-63
1,336,-62,1,30,100,76
1,337,-62,1,30,-127,-11
1,337,-62,1,30,123,27
1,338,-62,1,30,-122,39
1,338,-62,1,30,126,-17
1,339,-62,1,30,-99,74
1,339,-62,1,30,106,-61
1,340,-62,1,30,-58,98
1,340,-62,1,30,72,-88
1,341,-62,1,30,-15,104
1,341,-62,1,30,23,-102
1,342,-62,1,30,31,96
1,342,-62,1,30,-18,-100
1,343,-62,1,30,64,75
1,343,-62,1,30,-57,-82
1,344,-62,1,30,89,40
1,344,-62,1,30,-84,-52
1,345,-62,1,30,99,2
1,345,-62,1,30,-99,-21
1,346,-62,1,30,97,-26
1,346,-62,1,30,-103,13
1,347,-62,1,30,85,-50
1,347,-62,1,30,-96,37
1,348,-62,1,30,66,-66
1,348,-62,1,30,-78,58
1,349,-62,1,30,-53,75
1,349,-62,1,30,38,-80
1,350,-62,1,30,-17,90
1,350,-62,1,30,10,-90
1,351,-62,1,30,-25,-91
1,351,-62,1,30,18,95
1,352,-62,1,30,69,-58
1,352,-62,1,30,55,84
1,353,-62,1,30,83,51
1,353,-62,1,30,36,-81
1,354,-62,1,30,94,7
1,354,-62,1,30,-5,-91
1,355,-62,1,30,89,-50
1,355,-62,1,30,-58,-81
1,356,-62,1,30,67,-95
1,356,-62,1,30,-98,-56
1,357,-62,1,30,24,-126
1,357,-62,1,30,-124,-12
1,358,-62,1,30,-23,-129
1,358,-62,1,30,-123,32
1,359,-62,1,30,-74,-105
1,359,-62,1,30,-99,80
1,360,-62,1,30,-64,113
1,360,-62,1,30,-109,-68
1,361,-62,1,30,-131,-20
1,361,-62,1,30,-16,134
1,362,-62,1,30,-132,25
1,362,-62,1,30,31,131
1,363,-62,1,30,-113,60
1,363,-62,1,30,67,108
1,364,-62,1,30,-76,89
1,364,-62,1,30,96,64
1,365,-62,1,30,-34,105
1,365,-62,1,30,107,19
1,366,-62,1,30,11,109
1,366,-62,1,30,101,-30
1,367,-62,1,30,81,-64
1,367,-62,1,30,47,98
1,368,-62,1,30,80,71
1,368,-62,1,30,46,-90
1,369,-62,1,30,101,40
1,369,-62,1,30,12,-101
1,370,-62,1,30,111,5
1,370,-62,1,30,-22,-103
1,371,-62,1,30,-49,-90
1,371,-62,1,30,105,-26
1,372,-62,1,30,-68,-69
1,372,-62,1,30,88,-48
1,373,-62,1,30,-82,-38
1,373,-62,1,30,63,-69
1,374,-62,1,30,-90,-7
1,374,-62,1,30,37,-84
1,375,-62,1,30,-88,29
1,375,-62,1,30,6,-95
1,376,-62,1,30,-74,56
1,376,-62,1,30,-25,-92
1,377,-62,1,30,-43,79
1,377,-62,1,30,-63,-70
1,378,-62,1,30,3,90
1,378,-62,1,30,-93,-27
1,379,-62,1,30,50,84
1,379,-62,1,30,-101,22
1,380,-62,1,30,99,59
1,380,-62,1,30,-86,76
1,381,-62,1,30,127,20
1,381,-62,1,30,-49,110
1,382,-62,1,30,131,-30
1,382,-62,1,30,5,123
1,383,-62,1,30,53,115
1,383,-62,1,30,112,-74
1,384,-62,1,30,-114,-62
1,385,-62,1,30,-131,-13
1,386,-62,1,30,-130,28
1,387,-62,1,30,-109,68
1,388,-62,1,30,-71,95
1,389,-62,1,30,-26,107
1,390,-62,1,30,24,104
1,391,-62,1,30,62,87
1,392,-62,1,30,92,56
1,393,-62,1,30,108,24
1,394,-62,1,30,113,-9
1,395,-62,1,30,103,-35
1,396,-62,1,30,80,-59
1,397,-62,1,30,45,-77
1,398,-62,1,30,11,-87
1,399,-62,1,30,-25,-89
1,400,-62,1,30,-54,-77
1,401,-62,1,30,-80,-46
1,402,-62,1,30,-94,-5
1,403,-62,1,30,-91,48
1,404,-62,1,30,-70,92
1,405,-62,1,30,-27,124
1,406,-62,1,30,25,129
1,407,-62,1,30,70,110
1,408,-62,1,30,109,70
1,409,-62,1,30,127,26
1,410,-62,1,30,128,-23
1,411,-62,1,30,110,-60
1,412,-62,1,30,75,-89
1,413,-62,1,30,34,-107
1,414,-62,1,30,-4,-111
1,415,-62,1,30,-43,-100
1,416,-62,1,30,71,67
1,417,-62,1,30,97,41
1,418,-62,1,30,113,8
1,419,-62,1,30,111,-19
1,420,-62,1,30,91,-46
1,421,-62,1,30,60,-67
1,422,-62,1,30,29,-81
1,423,-62,1,30,-8,-91
1,424,-62,1,30,-40,-87
1,425,-62,1,30,-74,-62
1,426,-62,1,30,-94,-21
1,427,-62,1,30,-96,38
1,428,-62,1,30,-78,88
1,429,-62,1,30,-41,122
1,430,-62,1,30,6,131
1,431,-62,1,30,48,119
1,432,-62,1,30,89,91
1,433,-62,1,30,115,58
1,434,-62,1,30,126,15
1,435,-62,1,30,120,-25
1,436,-62,1,30,97,-65
1,437,-62,1,30,62,-90
1,438,-62,1,30,15,-103
1,439,-62,1,30,-31,-96
1,440,-62,1,30,-65,-78
1,441,-62,1,30,-91,-49
1,442,-62,1,30,-102,-22
1,443,-62,1,30,-102,6
1,444,-62,1,30,-92,30
1,445,-62,1,30,-72,57
1,446,-62,1,30,-42,81
1,447,-62,1,30,-10,93
1,448,-62,1,30,30,91
1,449,-62,1,30,64,69
1,450,-62,1,30,91,25
1,451,-62,1,30,98,-25
1,452,-62,1,30,85,-78
1,453,-62,1,30,53,-114
1,454,-62,1,30,3,-129
1,455,-62,1,30,-50,-119
1,456,-62,1,30,-91,-94
1,457,-62,1,30,-121,-53
1,458,-62,1,30,-130,-14
1,459,-62,1,30,-121,26
1,460,-62,1,30,-99,57
1,461,-62,1,30,-65,85
1,462,-62,1,30,-28,99
1,463,-62,1,30,14,101
1,464,-62,1,30,56,89
1,465,-62,1,30,87,67
1,466,-62,1,30,110,36
1,467,-62,1,30,113,6
1,468,-62,1,30,98,-28
1,469,-62,1,30,76,-55
1,470,-62,1,30,43,-78
1,471,-62,1,30,12,-90
1,472,-62,1,30,-24,-88
1,473,-62,1,30,-59,-66
1,474,-62,1,30,-84,-30
1,475,-62,1,30,-95,23
1,476,-62,1,30,-85,71
1,477,-62,1,30,-52,113
1,478,-62,1,30,-9,129
1,479,-62,1,30,46,122
1,480,-62,1,30,93,92
1,481,-62,1,30,121,52
1,482,-62,1,30,130,5
1,483,-62,1,30,120,-34
1,484,-62,1,30,92,-69
1,485,-62,1,30,58,-91
1,486,-62,1,30,15,-103
1,487,-62,1,30,-20,-101
1,488,-62,1,30,-56,-85
1,489,-62,1,30,-86,-59
1,490,-62,1,30,-103,-33
1,491,-62,1,30,-108,-3
1,492,-62,1,30,-98,25
1,493,-62,1,30,-74,56
1,494,-62,1,30,-45,78
1,495,-62,1,30,-9,94
1,496,-62,1,30,23,95
1,497,-62,1,30,56,74
1,498,-62,1,30,83,33
1,499,-62,1,30,93,-14
1,500,-62,1,30,84,-68
1,501,-62,1,30,57,-105
1,502,-62,1,30,12,-127
1,503,-62,1,30,-34,-124
1,504,-62,1,30,-81,-99
1,505,-62,1,30,-115,-57
1,506,-62,1,30,-126,-12
1,507,-62,1,30,-118,35
1,508,-62,1,30,-94,67
1,509,-62,1,30,-56,92
1,510,-62,1,30,-18,104
1,511,-62,1,30,23,102
1,512,-62,1,30,-71,-77
1,512,-62,1,30,57,88
1,513,-62,1,30,-90,-48
1,513,-62,1,30,87,62
1,514,-62,1,30,-101,-15
1,514,-62,1,30,103,31
1,515,-62,1,30,-100,16
1,515,-62,1,30,105,3
1,516,-62,1,30,-90,41
1,516,-62,1,30,94,-27
1,517,-62,1,30,-68,66
1,517,-62,1,30,75,-53
1,518,-62,1,30,-41,84
1,518,-62,1,30,47,-77
1,519,-62,1,30,-5,95
1,519,-62,1,30,19,-91
1,520,-62,1,30,28,90
1,520,-62,1,30,-17,-94
1,521,-62,1,30,64,65
1,521,-62,1,30,-51,-80
1,522,-62,1,30,88,26
1,522,-62,1,30,-85,-44
1,523,-62,1,30,97,-30
1,523,-62,1,30,-105,10
1,524,-62,1,30,85,-85
1,524,-62,1,30,-98,64
1,525,-62,1,30,52,-121
1,525,-62,1,30,-63,111
1,526,-62,1,30,-19,130
1,526,-62,1,30,-1,-134
1,527,-62,1,30,-53,-122
1,527,-62,1,30,36,123
1,528,-62,1,30,-101,-87
1,528,-62,1,30,79,100
1,529,-62,1,30,-128,-46
1,529,-62,1,30,112,62
1,530,-62,1,30,-135,0
1,530,-62,1,30,125,25
1,531,-62,1,30,119,-17
1,531,-62,1,30,-120,36
1,532,-62,1,30,93,-56
1,532,-62,1,30,-86,68
1,533,-62,1,30,59,-84
1,533,-62,1,30,-44,91
1,534,-62,1,30,-5,101
1,534,-62,1,30,14,-102
1,535,-62,1,30,-25,-102
1,535,-62,1,30,37,96
1,536,-62,1,30,-66,-86
1,536,-62,1,30,69,78
1,537,-62,1,30,-94,-60
1,537,-62,1,30,96,47
1,538,-62,1,30,108,17
1,538,-62,1,30,-111,-25
1,539,-62,1,30,-111,8
1,539,-62,1,30,108,-13
1,540,-62,1,30,-98,34
1,540,-62,1,30,93,-39
1,541,-62,1,30,-72,58
1,541,-62,1,30,72,-62
1,542,-62,1,30,-43,75
1,542,-62,1,30,43,-83
1,543,-62,1,30,13,-94
1,543,-62,1,30,-8,88
1,544,-62,1,30,24,89
1,544,-62,1,30,-24,-90
1,545,-62,1,30,57,74
1,545,-62,1,30,-58,-71
1,546,-62,1,30,82,43
1,546,-62,1,30,-88,-31
1,547,-62,1,30,-101,16
1,547,-62,1,30,99,-6
1,548,-62,1,30,-94,72
1,548,-62,1,30,97,-61
1,549,-62,1,30,-60,118
1,549,-62,1,30,74,-101
1,550,-62,1,30,28,-126
1,550,-62,1,30,-12,137
1,551,-62,1,30,47,131
1,551,-62,1,30,-24,-125
1,552,-62,1,30,92,102
1,552,-62,1,30,-79,-104
1,553,-62,1,30,-114,-71
1,553,-62,1,30,126,57
1,554,-62,1,30,134,15
1,554,-62,1,30,-131,-28
1,555,-62,1,30,123,-26
1,555,-62,1,30,-126,8
1,556,-62,1,30,101,-57
1,556,-62,1,30,-104,46
1,557,-62,1,30,-73,78
1,557,-62,1,30,63,-86
1,558,-62,1,30,-37,97
1,558,-62,1,30,19,-103
1,559,-62,1,30,7,105
1,559,-62,1,30,-23,-104
1,560,-62,1,30,47,96
1,560,-62,1,30,-64,-90
1,561,-62,1,30,85,72
1,561,-62,1,30,-91,-66
1,562,-62,1,30,106,43
1,562,-62,1,30,-106,-32
1,563,-62,1,30,110,6
1,563,-62,1,30,-104,-1
1,564,-62,1,30,99,-25
1,564,-62,1,30,-90,31
1,565,-62,1,30,-70,56
1,565,-62,1,30,77,-56
1,566,-62,1,30,45,-80
1,566,-62,1,30,-45,79
1,567,-62,1,30,-15,93
1,567,-62,1,30,13,-92
1,568,-62,1,30,-24,-89
1,568,-62,1,30,17,95
1,569,-62,1,30,56,78
1,569,-62,1,30,-53,-72
1,570,-62,1,30,-80,-34
1,570,-62,1,30,86,45
1,571,-62,1,30,-93,10
1,571,-62,1,30,103,-11
1,572,-62,1,30,-89,63
1,572,-62,1,30,95,-64
1,573,-62,1,30,-64,105
1,573,-62,1,30,61,-111
1,574,-62,1,30,11,-131
1,574,-62,1,30,-27,126
1,575,-62,1,30,23,128
1,575,-62,1,30,-37,-124
1,608,-62,1,30,-59,-86
1,609,-62,1,30,-83,-67
1,610,-62,1,30,-101,-42
1,611,-62,1,30,-106,-18
1,612,-62,1,30,-99,10
1,613,-62,1,30,-85,37
1,614,-62,1,30,-61,66
1,615,-62,1,30,-32,86
1,616,-62,1,30,8,96
1,617,-62,1,30,51,82
1,618,-62,1,30,84,48
1,619,-62,1,30,104,-8
1,620,-62,1,30,102,-58
1,621,-62,1,30,74,-102
1,622,-62,1,30,35,-120
1,623,-62,1,30,-15,-121
2,0,-59,1,6,75,-99
2,0,-59,1,6,-124,-21
2,0,-59,1,6,-95,-79
2,1,-59,1,6,-117,-39
2,1,-59,1,6,-123,24
2,1,-59,1,6,36,-118
2,2,-59,1,6,-104,65
2,2,-59,1,6,-10,-122
2,2,-59,1,6,-124,5
2,3,-59,1,6,-66,99
2,3,-59,1,6,-115,51
2,3,-59,1,6,-61,-106
2,4,-59,1,6,-94,85
2,4,-59,1,6,-96,-77
2,4,-59,1,6,-24,115
2,5,-59,1,6,-54,112
2,5,-59,1,6,24,114
2,5,-59,1,6,-118,-35
2,6,-59,1,6,-122,5
2,6,-59,1,6,-12,122
2,6,-59,1,6,61,99
2,7,-59,1,6,33,116
2,7,-59,1,6,90,74
2,7,-59,1,6,-112,45
2,8,-59,1,6,76,90
2,8,-59,1,6,-86,85
2,8,-59,1,6,112,35
2,9,-59,1,6,118,-5
2,9,-59,1,6,102,55
2,9,-59,1,6,-52,111
2,10,-59,1,6,113,5
2,10,-59,1,6,105,-52
2,10,-59,1,6,-3,124
2,11,-59,1,6,108,-39
2,11,-59,1,6,77,-88
2,11,-59,1,6,40,116
2,12,-59,1,6,88,-76
2,12,-59,1,6,38,-112
2,12,-59,1,6,78,92
2,13,-59,1,6,52,-106
2,13,-59,1,6,-11,-121
2,13,-59,1,6,106,52
2,14,-59,1,6,-54,-111
2,14,-59,1,6,11,-118
2,14,-59,1,6,116,12
2,15,-59,1,6,-35,-116
2,15,-59,1,6,-90,-85
2,15,-59,1,6,111,-29
2,16,-59,1,6,-81,-97
2,16,-59,1,6,-118,-40
2,16,-59,1,6,90,-70
2,17,-59,1,6,-110,-63
2,17,-59,1,6,58,-100
2,17,-59,1,6,-124,10
2,18,-59,1,6,13,-120
2,18,-59,1,6,-107,66
2,18,-59,1,6,-122,-12
2,19,-59,1,6,-31,-122
2,19,-59,1,6,-75,104
2,19,-59,1,6,-114,36
2,20,-59,1,6,-72,-107
2,20,-59,1,6,-33,125
2,20,-59,1,6,-91,78
2,21,-59,1,6,-108,-73
2,21,-59,1,6,18,125
2,21,-59,1,6,-53,110
2,22,-59,1,6,-125,-29
2,22,-59,1,6,-10,120
2,22,-59,1,6,60,106
2,23,-59,1,6,40,111
2,23,-59,1,6,96,73
2,23,-59,1,6,-124,25
2,24,-59,1,6,82,88
2,24,-59,1,6,116,36
2,24,-59,1,6,-107,67
2,25,-59,1,6,121,-3
2,25,-59,1,6,112,54
2,25,-59,1,6,-76,100
2,26,-59,1,6,109,-48
2,26,-59,1,6,-28,118
2,26,-59,1,6,125,6
2,27,-59,1,6,17,118
2,27,-59,1,6,85,-85
2,27,-59,1,6,118,-36
2,28,-59,1,6,59,103
2,28,-59,1,6,51,-112
2,28,-59,1,6,96,-73
2,29,-59,1,6,94,69
2,29,-59,1,6,6,-125
2,29,-59,1,6,58,-103
2,30,-59,1,6,18,-118
2,30,-59,1,6,111,31
2,30,-59,1,6,-36,-119
2,31,-59,1,6,-30,-117
2,31,-59,1,6,-77,-91
2,31,-59,1,6,113,-16
2,32,-59,1,6,101,-55
2,33,-59,1,6,76,-87
2,34,-59,1,6,38,-111
2,35,-59,1,6,-1,-117
2,36,-59,1,6,-47,-109
2,37,-59,1,6,-83,-87
2,38,-59,1,6,-109,-52
2,39,-59,1,6,-122,-4
2,40,-59,1,6,-113,42
2,41,-59,1,6,-83,83
2,42,-59,1,6,-30,113
2,43,-59,1,6,25,117
2,44,-59,1,6,80,94
2,45,-59,1,6,113,56
2,46,-59,1,6,126,8
2,47,-59,1,6,117,-47
2,48,-59,1,6,94,-86
2,49,-59,1,6,55,-111
2,50,-59,1,6,16,-115
2,51,-59,1,6,-20,-102
2,52,-59,1,6,-53,-75
2,53,-59,1,6,-72,-45
2,54,-59,1,6,-83,-10
2,55,-59,1,6,-81,22
2,56,-59,1,6,-70,54
2,57,-59,1,6,-46,88
2,58,-59,1,6,-18,108
2,59,-59,1,6,11,116
2,60,-59,1,6,44,109
2,61,-59,1,6,72,91
2,62,-59,1,6,101,60
2,63,-59,1,6,119,22
2,64,-59,1,6,120,-22
2,65,-59,1,6,92,-71
2,66,-59,1,6,46,-104
2,67,-59,1,6,-17,-114
2,68,-59,1,6,-66,-100
2,69,-59,1,6,-100,-68
2,70,-59,1,6,-116,-22
2,71,-59,1,6,-115,21
2,72,-59,1,6,-102,62
2,73,-59,1,6,-75,96
2,74,-59,1,6,-41,111
2,75,-59,1,6,2,105
2,76,-59,1,6,36,84
2,77,-59,1,6,62,55
2,78,-59,1,6,76,23
2,79,-59,1,6,79,-4
2,80,-59,1,6,73,-34
2,81,-59,1,6,62,-63
2,82,-59,1,6,47,-92
2,83,-59,1,6,21,-116
2,84,-59,1,6,-12,-124
2,85,-59,1,6,-51,-114
2,86,-59,1,6,-91,-83
2,87,-59,1,6,-116,-44
2,88,-59,1,6,-122,8
2,89,-59,1,6,-107,54
2,90,-59,1,6,-74,92
2,91,-59,1,6,-19,116
2,92,-59,1,6,33,115
2,93,-59,1,6,83,90
2,94,-59,1,6,112,51
2,95,-59,1,6,124,7
2,96,-59,1,6,-72,92
2,97,-59,1,6,-35,113
2,98,-59,1,6,5,118
2,99,-59,1,6,43,103
2,100,-59,1,6,67,75
2,101,-59,1,6,81,35
2,102,-59,1,6,81,0
2,103,-59,1,6,74,-29
2,104,-59,1,6,59,-54
2,105,-59,1,6,38,-73
2,106,-59,1,6,6,-91
2,107,-59,1,6,-26,-102
2,108,-59,1,6,-59,-102
2,109,-59,1,6,-90,-85
2,110,-59,1,6,-111,-56
2,111,-59,1,6,-124,-15
2,112,-59,1,6,-122,37
2,113,-59,1,6,-100,81
2,114,-59,1,6,-51,114
2,115,-59,1,6,8,120
2,116,-59,1,6,66,101
2,117,-59,1,6,111,56
2,118,-59,1,6,125,8
2,119,-59,1,6,112,-44
2,120,-59,1,6,85,-81
2,121,-59,1,6,50,-106
2,122,-59,1,6,9,-117
2,123,-59,1,6,-24,-109
2,124,-59,1,6,-48,-87
2,125,-59,1,6,-67,-52
2,126,-59,1,6,-77,-20
2,127,-59,1,6,-81,11
2,128,-59,1,6,-76,37
2,129,-59,1,6,-61,61
2,130,-59,1,6,-33,86
2,131,-59,1,6,-3,104
2,132,-59,1,6,33,110
2,133,-59,1,6,64,102
2,134,-59,1,6,91,79
2,135,-59,1,6,114,38
2,136,-59,1,6,120,-6
2,137,-59,1,6,107,-50
2,138,-59,1,6,71,-90
2,139,-59,1,6,25,-109
2,140,-59,1,6,-35,-110
2,141,-59,1,6,-82,-90
2,142,-59,1,6,-114,-54
2,143,-59,1,6,-128,-1
2,144,-59,1,6,-117,48
2,145,-59,1,6,-83,93
2,146,-59,1,6,-43,113
2,147,-59,1,6,-2,113
2,148,-59,1,6,36,93
2,149,-59,1,6,62,66
2,150,-59,1,6,79,34
2,151,-59,1,6,82,6
2,152,-59,1,6,75,-22
2,153,-59,1,6,58,-55
2,154,-59,1,6,40,-83
2,155,-59,1,6,19,-107
2,156,-59,1,6,-7,-123
2,157,-59,1,6,-36,-121
2,158,-59,1,6,-73,-99
2,159,-59,1,6,-103,-64
2,160,-59,1,6,84,96
2,160,-59,1,6,-122,-21
2,161,-59,1,6,-122,30
2,161,-59,1,6,118,46
2,162,-59,1,6,-98,69
2,162,-59,1,6,123,-12
2,163,-59,1,6,100,-73
2,163,-59,1,6,-53,102
2,164,-59,1,6,60,-110
2,164,-59,1,6,0,114
2,165,-59,1,6,52,108
2,165,-59,1,6,15,-126
2,166,-59,1,6,99,80
2,166,-59,1,6,-36,-120
2,167,-59,1,6,123,38
2,167,-59,1,6,-75,-96
2,168,-59,1,6,126,-12
2,168,-59,1,6,-105,-60
2,169,-59,1,6,107,-65
2,169,-59,1,6,-119,-15
2,170,-59,1,6,77,-98
2,170,-59,1,6,-114,20
2,171,-59,1,6,-89,49
2,171,-59,1,6,34,-109
2,172,-59,1,6,-4,-100
2,172,-59,1,6,-57,68
2,173,-59,1,6,-37,-78
2,173,-59,1,6,-23,79
2,174,-59,1,6,-63,-49
2,174,-59,1,6,13,81
2,175,-59,1,6,40,72
2,175,-59,1,6,-75,-24
2,176,-59,1,6,68,48
2,176,-59,1,6,-78,4
2,177,-59,1,6,-74,32
2,177,-59,1,6,90,21
2,178,-59,1,6,107,-9
2,178,-59,1,6,-66,61
2,179,-59,1,6,-50,92
2,179,-59,1,6,113,-43
2,180,-59,1,6,-28,111
2,180,-59,1,6,98,-71
2,181,-59,1,6,2,117
2,181,-59,1,6,66,-97
2,182,-59,1,6,43,106
2,182,-59,1,6,17,-117
2,183,-59,1,6,-29,-123
2,183,-59,1,6,80,82
2,184,-59,1,6,111,44
2,184,-59,1,6,-75,-109
2,185,-59,1,6,122,4
2,185,-59,1,6,-105,-74
2,186,-59,1,6,114,-40
2,186,-59,1,6,-119,-20
2,187,-59,1,6,82,-87
2,187,-59,1,6,-112,48
2,188,-59,1,6,36,-116
2,188,-59,1,6,-82,98
2,189,-59,1,6,-24,-122
2,189,-59,1,6,-31,129
2,190,-59,1,6,-73,-103
2,190,-59,1,6,19,130
2,191,-59,1,6,-108,-66
2,191,-59,1,6,66,111
2,192,-59,1,6,61,-107
2,193,-59,1,6,24,-117
2,194,-59,1,6,-9,-110
2,195,-59,1,6,-40,-86
2,196,-59,1,6,-60,-56
2,197,-59,1,6,-72,-20
2,198,-59,1,6,-76,8
2,199,-59,1,6,-71,32
2,200,-59,1,6,-57,58
2,201,-59,1,6,-37,82
2,202,-59,1,6,-11,105
2,203,-59,1,6,18,115
2,204,-59,1,6,50,111
2,205,-59,1,6,86,87
2,206,-59,1,6,112,51
2,207,-59,1,6,125,5
2,208,-59,1,6,119,-48
2,209,-59,1,6,89,-88
2,210,-59,1,6,35,-111
2,211,-59,1,6,-21,-113
2,212,-59,1,6,-72,-95
2,213,-59,1,6,-112,-59
2,214,-59,1,6,-127,-18
2,215,-59,1,6,-120,33
2,216,-59,1,6,-97,75
2,217,-59,1,6,-62,104
2,218,-59,1,6,-16,113
2,219,-59,1,6,22,100
2,220,-59,1,6,53,72
2,221,-59,1,6,73,36
2,222,-59,1,6,78,9
2,223,-59,1,6,73,-18
2,256,-59,1,6,119,28
2,256,-59,1,6,-12,121
2,257,-59,1,6,113,-27
2,257,-59,1,6,43,109
2,258,-59,1,6,85,-73
2,258,-59,1,6,85,76
2,259,-59,1,6,115,23
2,259,-59,1,6,34,-108
2,260,-59,1,6,-17,-119
2,260,-59,1,6,121,-27
2,261,-59,1,6,-64,-108
2,261,-59,1,6,107,-71
2,262,-59,1,6,-103,-74
2,262,-59,1,6,72,-105
2,263,-59,1,6,29,-119
2,263,-59,1,6,-122,-30
2,264,-59,1,6,-17,-119
2,264,-59,1,6,-124,18
2,265,-59,1,6,-62,-105
2,265,-59,1,6,-107,64
2,266,-59,1,6,-88,-78
2,266,-59,1,6,-76,89
2,267,-59,1,6,-97,-38
2,267,-59,1,6,-31,97
2,268,-59,1,6,-91,1
2,268,-59,1,6,7,87
2,269,-59,1,6,40,70
2,269,-59,1,6,-77,37
2,270,-59,1,6,66,43
2,270,-59,1,6,-54,66
2,271,-59,1,6,77,15
2,271,-59,1,6,-29,79
2,272,-59,1,6,80,-17
2,272,-59,1,6,5,84
2,273,-59,1,6,38,84
2,273,-59,1,6,77,-45
2,274,-59,1,6,71,80
2,274,-59,1,6,70,-71
2,275,-59,1,6,54,-95
2,275,-59,1,6,101,63
2,276,-59,1,6,118,35
2,276,-59,1,6,30,-111
2,277,-59,1,6,-3,-118
2,277,-59,1,6,122,-3
2,278,-59,1,6,-48,-108
2,278,-59,1,6,110,-50
2,279,-59,1,6,84,-87
2,279,-59,1,6,-87,-85
2,280,-59,1,6,-116,-41
2,280,-59,1,6,39,-112
2,281,-59,1,6,-122,7
2,281,-59,1,6,-11,-113
2,282,-59,1,6,-105,56
2,282,-59,1,6,-61,-92
2,283,-59,1,6,-62,101
2,283,-59,1,6,-104,-46
2,284,-59,1,6,-11,121
2,284,-59,1,6,-121,4
2,285,-59,1,6,-111,57
2,285,-59,1,6,46,114
2,286,-59,1,6,87,85
2,286,-59,1,6,-80,95
2,287,-59,1,6,-38,118
2,287,-59,1,6,113,41
2,288,-59,1,6,12,124
2,289,-59,1,6,49,110
2,290,-59,1,6,72,83
2,291,-59,1,6,83,44
2,292,-59,1,6,83,10
2,293,-59,1,6,77,-22
2,294,-59,1,6,68,-44
2,295,-59,1,6,51,-64
2,296,-59,1,6,22,-82
2,297,-59,1,6,-11,-93
2,298,-59,1,6,-50,-96
2,299,-59,1,6,-81,-87
2,300,-59,1,6,-104,-64
2,301,-59,1,6,-118,-22
2,302,-59,1,6,-117,22
2,303,-59,1,6,-101,65
2,304,-59,1,6,-66,101
2,305,-59,1,6,-24,114
2,306,-59,1,6,31,103
2,307,-59,1,6,78,75
2,308,-59,1,6,113,35
2,309,-59,1,6,127,-14
2,310,-59,1,6,113,-55
2,311,-59,1,6,75,-93
2,312,-59,1,6,32,-113
2,313,-59,1,6,-7,-118
2,314,-59,1,6,-41,-105
2,315,-59,1,6,-61,-81
2,316,-59,1,6,-75,-49
2,317,-59,1,6,-83,-11
2,318,-59,1,6,-80,21
2,319,-59,1,6,-62,53
2,320,-59,1,6,-36,76
2,321,-59,1,6,-5,93
2,322,-59,1,6,31,103
2,323,-59,1,6,60,102
2,324,-59,1,6,90,86
2,325,-59,1,6,113,57
2,326,-59,1,6,126,16
2,327,-59,1,6,124,-37
2,328,-59,1,6,99,-80
2,329,-59,1,6,54,-109
2,330,-59,1,6,-9,-118
2,331,-59,1,6,-62,-101
2,332,-59,1,6,-107,-60
2,333,-59,1,6,-125,-11
2,334,-59,1,6,-122,41
2,335,-59,1,6,-94,87
2,336,-59,1,6,-57,112
2,337,-59,1,6,-14,115
2,338,-59,1,6,19,102
2,339,-59,1,6,43,80
2,340,-59,1,6,63,51
2,341,-59,1,6,75,25
2,342,-59,1,6,81,-5
2,343,-59,1,6,76,-32
2,344,-59,1,6,60,-60
2,345,-59,1,6,32,-89
2,346,-59,1,6,1,-109
2,347,-59,1,6,-31,-115
2,348,-59,1,6,-67,-103
2,349,-59,1,6,-94,-73
2,350,-59,1,6,-114,-26
2,351,-59,1,6,-118,18
2,416,-59,1,6,-79,25
2,416,-59,1,6,16,83
2,417,-59,1,6,-73,57
2,417,-59,1,6,49,79
2,418,-59,1,6,85,64
2,418,-59,1,6,-60,89
2,419,-59,1,6,109,42
2,419,-59,1,6,-42,109
2,420,-59,1,6,118,5
2,420,-59,1,6,-9,118
2,421,-59,1,6,112,-35
2,421,-59,1,6,28,112
2,422,-59,1,6,91,-76
2,422,-59,1,6,67,94
2,423,-59,1,6,104,60
2,423,-59,1,6,52,-113
2,424,-59,1,6,122,20
2,424,-59,1,6,6,-125
2,425,-59,1,6,116,-27
2,425,-59,1,6,-44,-113
2,426,-59,1,6,83,-78
2,426,-59,1,6,-91,-70
2,427,-59,1,6,36,-111
2,427,-59,1,6,-114,-18
2,428,-59,1,6,-23,-122
2,428,-59,1,6,-113,40
2,429,-59,1,6,-68,-107
2,429,-59,1,6,-93,79
2,430,-59,1,6,-59,103
2,430,-59,1,6,-100,-74
2,431,-59,1,6,-118,-26
2,431,-59,1,6,-15,114
2,432,-59,1,6,-118,18
2,432,-59,1,6,24,110
2,433,-59,1,6,61,94
2,433,-59,1,6,-102,60
2,434,-59,1,6,82,71
2,434,-59,1,6,-76,81
2,435,-59,1,6,90,39
2,435,-59,1,6,-42,89
2,436,-59,1,6,88,-3
2,436,-59,1,6,-2,86
2,437,-59,1,6,76,-40
2,437,-59,1,6,31,77
2,438,-59,1,6,53,-72
2,438,-59,1,6,58,62
2,439,-59,1,6,26,-85
2,439,-59,1,6,74,41
2,440,-59,1,6,84,12
2,440,-59,1,6,-3,-88
2,441,-59,1,6,87,-30
2,441,-59,1,6,-38,-83
2,442,-59,1,6,82,-67
2,442,-59,1,6,-68,-76
2,443,-59,1,6,69,-96
2,443,-59,1,6,-93,-64
2,444,-59,1,6,41,-116
2,444,-59,1,6,-115,-37
2,445,-59,1,6,7,-120
2,445,-59,1,6,-123,-1
2,446,-59,1,6,-37,-110
2,446,-59,1,6,-115,47
2,447,-59,1,6,-90,85
2,447,-59,1,6,-75,-89
2,512,-59,1,6,77,20
2,513,-59,1,6,79,-9
2,514,-59,1,6,76,-46
2,515,-59,1,6,67,-79
2,516,-59,1,6,47,-108
2,517,-59,1,6,16,-121
2,518,-59,1,6,-26,-117
2,519,-59,1,6,-76,-94
2,520,-59,1,6,-111,-59
2,521,-59,1,6,-128,-14
2,522,-59,1,6,-117,39
2,523,-59,1,6,-84,81
2,524,-59,1,6,-28,110
2,525,-59,1,6,25,116
2,526,-59,1,6,69,101
2,527,-59,1,6,102,63
2,528,-59,1,6,117,20
2,529,-59,1,6,117,-27
2,530,-59,1,6,103,-60
2,531,-59,1,6,77,-81
2,532,-59,1,6,37,-89
2,533,-59,1,6,-1,-86
2,534,-59,1,6,-38,-78
2,535,-59,1,6,-61,-63
2,536,-59,1,6,-74,-41
2,537,-59,1,6,-83,-8
2,538,-59,1,6,-87,28
2,539,-59,1,6,-86,64
2,540,-59,1,6,-73,99
2,541,-59,1,6,-47,118
2,542,-59,1,6,-2,124
2,543,-59,1,6,41,116
2,544,-59,1,6,81,94
2,545,-59,1,6,110,52
2,546,-59,1,6,118,4
2,547,-59,1,6,102,-55
2,548,-59,1,6,67,-99
2,549,-59,1,6,19,-125
2,550,-59,1,6,-38,-125
2,551,-59,1,6,-81,-100
2,552,-59,1,6,-109,-60
2,553,-59,1,6,-120,-9
2,554,-59,1,6,-114,31
2,555,-59,1,6,-94,61
2,556,-59,1,6,-65,75
2,557,-59,1,6,-31,80
2,558,-59,1,6,7,78
2,559,-59,1,6,35,71
2,560,-59,1,6,61,54
2,561,-59,1,6,78,30
2,562,-59,1,6,92,-1
2,563,-59,1,6,100,-39
2,564,-59,1,6,98,-71
2,565,-59,1,6,79,-98
2,566,-59,1,6,36,-117
2,567,-59,1,6,-13,-120
2,568,-59,1,6,-66,-104
2,569,-59,1,6,-102,-70
2,570,-59,1,6,-116,-23
2,571,-59,1,6,-105,36
2,572,-59,1,6,-77,82
2,573,-59,1,6,-31,113
2,574,-59,1,6,15,119
2,575,-59,1,6,58,105
2,576,-59,1,6,-114,31
2,577,-59,1,6,-96,69
2,578,-59,1,6,-68,91
2,579,-59,1,6,-28,99
2,580,-59,1,6,11,92
2,581,-59,1,6,49,75
2,582,-59,1,6,73,54
2,583,-59,1,6,84,26
2,584,-59,1,6,84,-11
2,585,-59,1,6,79,-46
2,586,-59,1,6,64,-82
2,587,-59,1,6,43,-105
2,588,-59,1,6,12,-116
2,589,-59,1,6,-31,-114
2,590,-59,1,6,-68,-98
2,591,-59,1,6,-100,-67
2,592,-59,1,6,-118,-21
2,593,-59,1,6,-114,26
2,594,-59,1,6,-87,75
2,595,-59,1,6,-46,105
2,596,-59,1,6,0,118
2,597,-59,1,6,50,111
2,598,-59,1,6,86,88
2,599,-59,1,6,112,47
2,600,-59,1,6,121,4
2,601,-59,1,6,113,-37
2,602,-59,1,6,87,-72
2,603,-59,1,6,52,-88
2,604,-59,1,6,14,-90
2,605,-59,1,6,-23,-82
2,606,-59,1,6,-49,-70
2,607,-59,1,6,-70,-46
2,608,-59,1,6,27,68
2,609,-59,1,6,53,56
2,610,-59,1,6,85,35
2,611,-59,1,6,107,10
2,612,-59,1,6,115,-24
2,613,-59,1,6,103,-57
2,614,-59,1,6,76,-87
2,615,-59,1,6,34,-114
2,616,-59,1,6,-8,-123
2,617,-59,1,6,-52,-114
2,618,-59,1,6,-95,-76
2,619,-59,1,6,-114,-25
2,620,-59,1,6,-110,40
2,621,-59,1,6,-84,86
2,622,-59,1,6,-42,113
2,623,-59,1,6,8,119
3,0,-56,1,20,72,-165
3,1,-56,1,20,-1,-181
3,2,-56,1,20,-68,-169
3,3,-56,1,20,-133,-127
3,4,-56,1,20,-172,-70
3,5,-56,1,20,-189,6
3,6,-56,1,20,-175,72
3,7,-56,1,20,-132,135
3,8,-56,1,20,-75,173
3,9,-56,1,20,-7,188
3,10,-56,1,20,71,179
3,11,-56,1,20,129,143
3,12,-56,1,20,170,78
3,13,-56,1,20,182,9
3,14,-56,1,20,167,-67
3,15,-56,1,20,131,-125
3,16,-56,1,20,69,-169
3,17,-56,1,20,1,-185
3,18,-56,1,20,-75,-172
3,19,-56,1,20,-130,-134
3,20,-56,1,20,-169,-68
3,21,-56,1,20,-179,0
3,22,-56,1,20,-167,74
3,23,-56,1,20,-132,131
3,24,-56,1,20,-70,174
3,25,-56,1,20,-2,185
3,26,-56,1,20,74,170
3,27,-56,1,20,129,132
3,28,-56,1,20,168,72
3,29,-56,1,20,182,9
3,30,-56,1,20,171,-67
3,31,-56,1,20,138,-130
3,32,-56,1,20,77,-177
3,33,-56,1,20,9,-191
3,34,-56,1,20,-71,-173
3,35,-56,1,20,-130,-131
3,36,-56,1,20,-173,-65
3,37,-56,1,20,-184,0
3,38,-56,1,20,-167,69
3,39,-56,1,20,-130,121
3,40,-56,1,20,-72,164
3,41,-56,1,20,-13,183
3,42,-56,1,20,52,179
3,43,-56,1,20,102,149
3,44,-56,1,20,139,91
3,45,-56,1,20,154,31
3,46,-56,1,20,145,-35
3,47,-56,1,20,118,-83
3,48,-56,1,20,71,-121
3,49,-56,1,20,22,-140
3,50,-56,1,20,-26,-140
3,51,-56,1,20,-60,-122
3,52,-56,1,20,-85,-89
3,53,-56,1,20,-99,-51
3,54,-56,1,20,-108,-9
3,55,-56,1,20,-106,26
3,56,-56,1,20,-89,64
3,57,-56,1,20,-55,94
3,58,-56,1,20,-3,114
3,59,-56,1,20,70,116
3,60,-56,1,20,133,92
3,61,-56,1,20,178,35
3,62,-56,1,20,186,-30
3,63,-56,1,20,153,-103
3,64,-56,1,20,99,-155
3,65,-56,1,20,24,-185
3,66,-56,1,20,-40,-184
3,67,-56,1,20,-97,-150
3,68,-56,1,20,-129,-98
3,69,-56,1,20,-144,-29
3,70,-56,1,20,-139,31
3,71,-56,1,20,-114,87
3,72,-56,1,20,-76,122
3,73,-56,1,20,-22,145
3,74,-56,1,20,26,147
3,75,-56,1,20,69,130
3,76,-56,1,20,93,96
3,77,-56,1,20,104,48
3,78,-56,1,20,106,5
3,79,-56,1,20,99,-37
3,80,-56,1,20,83,-68
3,81,-56,1,20,46,-95
3,82,-56,1,20,-4,-111
3,83,-56,1,20,-74,-109
3,84,-56,1,20,-133,-84
3,85,-56,1,20,-176,-30
3,86,-56,1,20,-180,32
3,87,-56,1,20,-147,103
3,88,-56,1,20,-91,152
3,89,-56,1,20,-17,181
3,90,-56,1,20,45,179
3,91,-56,1,20,101,149
3,92,-56,1,20,133,102
3,93,-56,1,20,150,37
3,94,-56,1,20,149,-23
3,95,-56,1,20,127,-82
3,128,-56,1,20,100,-51
3,129,-56,1,20,73,-84
3,130,-56,1,20,14,-113
3,131,-56,1,20,-55,-120
3,132,-56,1,20,-130,-99
3,133,-56,1,20,-177,-54
3,134,-56,1,20,-192,17
3,135,-56,1,20,-171,84
3,136,-56,1,20,-117,147
3,137,-56,1,20,-52,181
3,138,-56,1,20,24,187
3,139,-56,1,20,80,162
3,140,-56,1,20,125,110
3,141,-56,1,20,144,52
3,142,-56,1,20,144,-14
3,143,-56,1,20,127,-65
3,144,-56,1,20,89,-111
3,145,-56,1,20,44,-137
3,146,-56,1,20,-7,-144
3,147,-56,1,20,-42,-132
3,148,-56,1,20,-68,-102
3,149,-56,1,20,-81,-68
3,150,-56,1,20,-92,-27
3,151,-56,1,20,-96,7
3,152,-56,1,20,-93,45
3,153,-56,1,20,-71,79
3,154,-56,1,20,-27,109
3,155,-56,1,20,45,126
3,156,-56,1,20,115,115
3,157,-56,1,20,177,71
3,158,-56,1,20,197,8
3,159,-56,1,20,178,-70
3,160,-56,1,20,135,-130
3,161,-56,1,20,71,-175
3,162,-56,1,20,9,-190
3,163,-56,1,20,-58,-173
3,164,-56,1,20,-105,-133
3,165,-56,1,20,-138,-74
3,166,-56,1,20,-147,-19
3,167,-56,1,20,-136,38
3,168,-56,1,20,-112,85
3,169,-56,1,20,-74,128
3,170,-56,1,20,-35,150
3,171,-56,1,20,8,151
3,172,-56,1,20,40,128
3,173,-56,1,20,67,91
3,174,-56,1,20,85,56
3,175,-56,1,20,100,18
3,176,-56,1,20,105,-18
3,177,-56,1,20,88,-65
3,178,-56,1,20,47,-105
3,179,-56,1,20,-24,-131
3,180,-56,1,20,-93,-125
3,181,-56,1,20,-156,-81
3,182,-56,1,20,-182,-19
3,183,-56,1,20,-175,60
3,184,-56,1,20,-141,122
3,185,-56,1,20,-82,172
3,186,-56,1,20,-20,188
3,187,-56,1,20,45,173
3,188,-56,1,20,90,136
3,189,-56,1,20,124,79
3,190,-56,1,20,138,27
3,191,-56,1,20,136,-29
3,192,-56,1,20,122,-75
3,193,-56,1,20,87,-119
3,194,-56,1,20,46,-142
3,195,-56,1,20,-2,-143
3,196,-56,1,20,-39,-124
3,197,-56,1,20,-72,-87
3,198,-56,1,20,-93,-50
3,199,-56,1,20,-107,-9
3,200,-56,1,20,-105,28
3,201,-56,1,20,-86,66
3,202,-56,1,20,-41,106
3,203,-56,1,20,18,129
3,204,-56,1,20,92,129
3,205,-56,1,20,147,96
3,206,-56,1,20,183,29
3,207,-56,1,20,181,-43
3,208,-56,1,20,145,-118
3,209,-56,1,20,94,-167
3,210,-56,1,20,27,-191
3,211,-56,1,20,-30,-184
3,212,-56,1,20,-84,-148
3,213,-56,1,20,-121,-98
3,214,-56,1,20,-143,-32
3,215,-56,1,20,-141,27
3,216,-56,1,20,-119,85
3,217,-56,1,20,-85,121
3,218,-56,1,20,-43,141
3,219,-56,1,20,-5,139
3,220,-56,1,20,34,119
3,221,-56,1,20,63,90
3,222,-56,1,20,91,51
3,223,-56,1,20,107,15
3,224,-56,1,20,35,-103
3,224,-56,1,20,110,-27
3,225,-56,1,20,-32,-111
3,225,-56,1,20,93,-66
3,226,-56,1,20,-99,-95
3,226,-56,1,20,46,-105
3,227,-56,1,20,-18,-129
3,227,-56,1,20,-158,-49
3,228,-56,1,20,-181,9
3,228,-56,1,20,-96,-125
3,229,-56,1,20,-168,79
3,229,-56,1,20,-154,-93
3,230,-56,1,20,-127,132
3,230,-56,1,20,-186,-28
3,231,-56,1,20,-183,41
3,231,-56,1,20,-59,172
3,232,-56,1,20,-148,111
3,232,-56,1,20,9,185
3,233,-56,1,20,81,169
3,233,-56,1,20,-99,157
3,234,-56,1,20,127,129
3,234,-56,1,20,-36,181
3,235,-56,1,20,21,174
3,235,-56,1,20,154,65
3,236,-56,1,20,78,139
3,236,-56,1,20,152,3
3,237,-56,1,20,130,-57
3,237,-56,1,20,115,90
3,238,-56,1,20,97,-100
3,238,-56,1,20,141,28
3,239,-56,1,20,46,-130
3,239,-56,1,20,143,-27
3,240,-56,1,20,120,-81
3,240,-56,1,20,-3,-140
3,241,-56,1,20,-50,-132
3,241,-56,1,20,84,-118
3,242,-56,1,20,-77,-110
3,242,-56,1,20,35,-140
3,243,-56,1,20,-93,-75
3,243,-56,1,20,-6,-140
3,244,-56,1,20,-43,-119
3,244,-56,1,20,-98,-38
3,245,-56,1,20,-99,6
3,245,-56,1,20,-69,-89
3,246,-56,1,20,-90,-50
3,246,-56,1,20,-93,44
3,247,-56,1,20,-75,77
3,247,-56,1,20,-102,-16
3,248,-56,1,20,-105,23
3,248,-56,1,20,-35,105
3,249,-56,1,20,-92,61
3,249,-56,1,20,21,115
3,250,-56,1,20,95,99
3,250,-56,1,20,-59,100
3,251,-56,1,20,4,134
3,251,-56,1,20,152,58
3,252,-56,1,20,74,141
3,252,-56,1,20,185,-11
3,253,-56,1,20,146,114
3,253,-56,1,20,173,-81
3,254,-56,1,20,186,58
3,254,-56,1,20,121,-144
3,255,-56,1,20,194,-23
3,255,-56,1,20,55,-178
3,256,-56,1,20,166,-96
3,257,-56,1,20,107,-159
3,258,-56,1,20,45,-187
3,259,-56,1,20,-24,-182
3,260,-56,1,20,-75,-149
3,261,-56,1,20,-115,-93
3,262,-56,1,20,-134,-38
3,263,-56,1,20,-136,21
3,264,-56,1,20,-122,68
3,265,-56,1,20,-92,110
3,266,-56,1,20,-60,131
3,267,-56,1,20,-23,135
3,268,-56,1,20,11,124
3,269,-56,1,20,48,100
3,270,-56,1,20,78,72
3,271,-56,1,20,106,35
3,272,-56,1,20,116,-5
3,273,-56,1,20,101,-57
3,274,-56,1,20,62,-103
3,275,-56,1,20,-6,-138
3,276,-56,1,20,-74,-142
3,277,-56,1,20,-142,-111
3,278,-56,1,20,-178,-56
3,279,-56,1,20,-185,22
3,280,-56,1,20,-162,90
3,281,-56,1,20,-112,151
3,282,-56,1,20,-57,179
3,283,-56,1,20,7,181
3,284,-56,1,20,57,156
3,285,-56,1,20,103,108
3,286,-56,1,20,131,54
3,287,-56,1,20,143,-10
3,288,-56,1,20,132,-64
3,289,-56,1,20,99,-111
3,290,-56,1,20,60,-137
3,291,-56,1,20,14,-141
3,292,-56,1,20,-23,-127
3,293,-56,1,20,-58,-97
3,294,-56,1,20,-83,-67
3,295,-56,1,20,-103,-28
3,296,-56,1,20,-111,8
3,297,-56,1,20,-102,49
3,298,-56,1,20,-65,98
3,299,-56,1,20,-8,132
3,300,-56,1,20,72,143
3,301,-56,1,20,136,122
3,302,-56,1,20,181,66
3,303,-56,1,20,188,-1
3,304,-56,1,20,167,-80
3,305,-56,1,20,125,-139
3,306,-56,1,20,64,-178
3,307,-56,1,20,4,-185
3,308,-56,1,20,-61,-158
3,309,-56,1,20,-109,-114
3,310,-56,1,20,-142,-53
3,311,-56,1,20,-150,1
3,312,-56,1,20,-137,58
3,313,-56,1,20,-110,99
3,314,-56,1,20,-70,129
3,315,-56,1,20,-32,136
3,316,-56,1,20,10,124
3,317,-56,1,20,46,100
3,318,-56,1,20,80,65
3,319,-56,1,20,100,31
3,320,-56,1,20,106,-11
3,321,-56,1,20,93,-52
3,322,-56,1,20,54,-99
3,323,-56,1,20,2,-132
3,324,-56,1,20,-67,-143
3,325,-56,1,20,-126,-126
3,326,-56,1,20,-172,-74
3,327,-56,1,20,-189,-11
3,328,-56,1,20,-177,65
3,329,-56,1,20,-144,124
3,330,-56,1,20,-88,168
3,331,-56,1,20,-27,179
3,332,-56,1,20,42,163
3,333,-56,1,20,94,129
3,334,-56,1,20,135,75
3,335,-56,1,20,149,20
3,336,-56,1,20,142,-45
3,337,-56,1,20,117,-96
3,338,-56,1,20,75,-131
3,339,-56,1,20,35,-139
3,340,-56,1,20,-5,-126
3,341,-56,1,20,-37,-104
3,342,-56,1,20,-69,-77
3,343,-56,1,20,-93,-49
3,344,-56,1,20,-107,-10
3,345,-56,1,20,-100,35
3,346,-56,1,20,-71,83
3,347,-56,1,20,-14,130
3,348,-56,1,20,49,149
3,349,-56,1,20,118,136
3,350,-56,1,20,164,93
3,351,-56,1,20,189,21
3,352,-56,1,20,181,-51
3,353,-56,1,20,145,-122
3,354,-56,1,20,93,-164
3,355,-56,1,20,23,-176
3,356,-56,1,20,-37,-161
3,357,-56,1,20,-93,-121
3,358,-56,1,20,-127,-74
3,359,-56,1,20,-144,-14
3,360,-56,1,20,-139,40
3,361,-56,1,20,-112,93
3,362,-56,1,20,-78,124
3,363,-56,1,20,-37,134
3,364,-56,1,20,-2,123
3,365,-56,1,20,34,99
3,366,-56,1,20,64,76
3,367,-56,1,20,93,48
3,368,-56,1,20,108,16
3,369,-56,1,20,106,-33
3,370,-56,1,20,81,-87
3,371,-56,1,20,26,-141
3,372,-56,1,20,-35,-165
3,373,-56,1,20,-106,-152
3,374,-56,1,20,-155,-106
3,375,-56,1,20,-182,-28
3,376,-56,1,20,-178,47
3,377,-56,1,20,-146,119
3,378,-56,1,20,-99,161
3,379,-56,1,20,-36,176
3,380,-56,1,20,23,162
3,381,-56,1,20,82,125
3,382,-56,1,20,122,82
3,383,-56,1,20,146,30
3,384,-56,1,20,147,-18
3,385,-56,1,20,131,-68
3,386,-56,1,20,105,-103
3,387,-56,1,20,67,-124
3,388,-56,1,20,28,-127
3,389,-56,1,20,-21,-113
3,390,-56,1,20,-62,-92
3,391,-56,1,20,-97,-61
3,392,-56,1,20,-113,-26
3,393,-56,1,20,-110,18
3,394,-56,1,20,-82,76
3,395,-56,1,20,-35,123
3,396,-56,1,20,34,155
3,397,-56,1,20,97,152
3,398,-56,1,20,153,107
3,399,-56,1,20,179,44
3,400,-56,1,20,180,-36
3,401,-56,1,20,156,-99
3,402,-56,1,20,112,-150
3,403,-56,1,20,59,-170
3,404,-56,1,20,-7,-165
3,405,-56,1,20,-65,-140
3,406,-56,1,20,-117,-94
3,407,-56,1,20,-145,-43
3,408,-56,1,20,-150,17
3,409,-56,1,20,-136,66
3,410,-56,1,20,-105,107
3,411,-56,1,20,-68,126
3,412,-56,1,20,-22,126
3,413,-56,1,20,20,113
3,414,-56,1,20,61,90
3,415,-56,1,20,89,66
3,416,-56,1,20,108,31
3,417,-56,1,20,109,-12
3,418,-56,1,20,89,-73
3,419,-56,1,20,48,-125
3,420,-56,1,20,-21,-159
3,421,-56,1,20,-89,-154
3,422,-56,1,20,-154,-107
3,423,-56,1,20,-187,-40
3,424,-56,1,20,-188,44
3,425,-56,1,20,-161,108
3,426,-56,1,20,-109,157
3,427,-56,1,20,-54,175
3,428,-56,1,20,9,168
3,429,-56,1,20,61,139
3,430,-56,1,20,108,88
3,431,-56,1,20,131,35
3,432,-56,1,20,138,-24
3,433,-56,1,20,127,-69
3,434,-56,1,20,104,-107
3,435,-56,1,20,73,-125
3,436,-56,1,20,29,-127
3,437,-56,1,20,-15,-114
3,438,-56,1,20,-60,-89
3,439,-56,1,20,-91,-61
3,440,-56,1,20,-111,-22
3,441,-56,1,20,-110,22
3,442,-56,1,20,-89,73
3,443,-56,1,20,-39,127
3,444,-56,1,20,22,155
3,445,-56,1,20,94,152
3,446,-56,1,20,144,115
3,447,-56,1,20,176,47
3,448,-56,1,20,180,-23
3,449,-56,1,20,159,-96
3,450,-56,1,20,119,-143
3,451,-56,1,20,58,-170
3,452,-56,1,20,-3,-167
3,453,-56,1,20,-66,-137
3,454,-56,1,20,-109,-98
3,455,-56,1,20,-136,-46
3,456,-56,1,20,-142,3
3,457,-56,1,20,-130,54
3,458,-56,1,20,-109,89
3,459,-56,1,20,-77,110
3,460,-56,1,20,-44,115
3,461,-56,1,20,-2,111
3,462,-56,1,20,37,101
3,463,-56,1,20,76,80
3,464,-56,1,20,101,50
3,465,-56,1,20,112,-1
3,466,-56,1,20,99,-60
3,467,-56,1,20,59,-126
3,468,-56,1,20,3,-167
3,469,-56,1,20,-68,-174
3,470,-56,1,20,-124,-143
3,471,-56,1,20,-165,-78
3,472,-56,1,20,-180,-10
3,473,-56,1,20,-171,64
3,474,-56,1,20,-144,117
3,475,-56,1,20,-93,154
3,476,-56,1,20,-34,163
3,477,-56,1,20,36,147
3,478,-56,1,20,88,113
3,479,-56,1,20,128,60
3,480,-56,1,20,142,7
3,481,-56,1,20,136,-51
3,482,-56,1,20,116,-91
3,483,-56,1,20,81,-117
3,484,-56,1,20,44,-121
3,485,-56,1,20,0,-113
3,486,-56,1,20,-36,-101
3,487,-56,1,20,-72,-80
3,488,-56,1,20,-97,-52
3,489,-56,1,20,-109,-8
3,490,-56,1,20,-100,56
3,491,-56,1,20,-71,115
3,492,-56,1,20,-16,163
3,493,-56,1,20,43,174
3,494,-56,1,20,109,145
3,495,-56,1,20,153,90
3,496,-56,1,20,176,12
3,497,-56,1,20,171,-56
3,498,-56,1,20,139,-118
3,499,-56,1,20,90,-151
3,500,-56,1,20,25,-163
3,501,-56,1,20,-35,-152
3,502,-56,1,20,-92,-119
3,503,-56,1,20,-127,-78
3,504,-56,1,20,-146,-22
3,505,-56,1,20,-145,29
3,506,-56,1,20,-126,75
3,507,-56,1,20,-98,99
3,508,-56,1,20,-60,107
3,509,-56,1,20,-24,104
3,510,-56,1,20,17,97
3,511,-56,1,20,51,87
3,512,-56,1,20,86,63
3,513,-56,1,20,107,24
3,514,-56,1,20,109,-40
3,515,-56,1,20,85,-103
3,516,-56,1,20,32,-161
3,517,-56,1,20,-31,-182
3,518,-56,1,20,-101,-164
3,519,-56,1,20,-151,-118
3,520,-56,1,20,-183,-43
3,521,-56,1,20,-187,30
3,522,-56,1,20,-162,102
3,523,-56,1,20,-118,144
3,524,-56,1,20,-49,161
3,525,-56,1,20,15,152
3,526,-56,1,20,77,122
3,527,-56,1,20,117,83
3,528,-56,1,20,140,32
3,529,-56,1,20,144,-15
3,530,-56,1,20,133,-60
3,531,-56,1,20,108,-88
3,532,-56,1,20,69,-104
3,533,-56,1,20,29,-108
3,534,-56,1,20,-15,-104
3,535,-56,1,20,-50,-95
3,536,-56,1,20,-82,-69
3,537,-56,1,20,-102,-31
3,538,-56,1,20,-107,26
3,539,-56,1,20,-87,99
3,540,-56,1,20,-45,152
3,541,-56,1,20,24,177
3,542,-56,1,20,88,163
3,543,-56,1,20,147,110
3,544,-56,1,20,177,42
3,545,-56,1,20,181,-36
3,546,-56,1,20,159,-94
3,547,-56,1,20,112,-136
3,548,-56,1,20,57,-151
3,549,-56,1,20,-8,-148
3,550,-56,1,20,-61,-131
3,551,-56,1,20,-109,-95
3,552,-56,1,20,-137,-50
3,553,-56,1,20,-149,9
3,554,-56,1,20,-142,55
3,555,-56,1,20,-113,91
3,556,-56,1,20,-75,106
3,557,-56,1,20,-28,108
3,558,-56,1,20,12,102
3,559,-56,1,20,52,87
3,560,-56,1,20,81,62
3,561,-56,1,20,102,17
3,562,-56,1,20,104,-38
3,563,-56,1,20,82,-107
3,564,-56,1,20,39,-158
3,565,-56,1,20,-25,-184
3,566,-56,1,20,-84,-170
3,567,-56,1,20,-136,-119
3,568,-56,1,20,-166,-57
3,569,-56,1,20,-177,16
3,570,-56,1,20,-166,73
3,571,-56,1,20,-129,121
3,572,-56,1,20,-78,146
3,573,-56,1,20,-9,152
3,574,-56,1,20,51,139
3,575,-56,1,20,104,105
3,576,-56,1,20,133,62
3,577,-56,1,20,144,6
3,578,-56,1,20,139,-38
3,579,-56,1,20,117,-77
3,580,-56,1,20,82,-98
3,581,-56,1,20,34,-109
3,582,-56,1,20,-10,-109
3,583,-56,1,20,-52,-98
3,584,-56,1,20,-82,-75
3,585,-56,1,20,-101,-36
3,586,-56,1,20,-105,28
3,587,-56,1,20,-89,92
3,588,-56,1,20,-46,150
3,589,-56,1,20,8,175
3,590,-56,1,20,75,165
3,591,-56,1,20,129,127
3,592,-56,1,20,172,61
3,593,-56,1,20,185,-6
3,594,-56,1,20,169,-79
3,595,-56,1,20,129,-127
3,596,-56,1,20,64,-157
3,597,-56,1,20,1,-158
3,598,-56,1,20,-64,-137
3,599,-56,1,20,-108,-99
3,600,-56,1,20,-137,-46
3,601,-56,1,20,-146,4
3,602,-56,1,20,-138,51
3,603,-56,1,20,-115,81
3,604,-56,1,20,-74,100
3,605,-56,1,20,-29,106
3,606,-56,1,20,20,101
3,607,-56,1,20,57,89
3,608,-56,1,20,88,65
3,609,-56,1,20,106,30
3,610,-56,1,20,110,-27
3,611,-56,1,20,96,-89
3,612,-56,1,20,57,-154
3,613,-56,1,20,0,-188
3,614,-56,1,20,-74,-184
3,615,-56,1,20,-136,-141
3,616,-56,1,20,-179,-64
3,617,-56,1,20,-191,8
3,618,-56,1,20,-173,75
3,619,-56,1,20,-137,116
3,620,-56,1,20,-81,140
3,621,-56,1,20,-22,146
3,622,-56,1,20,45,135
3,623,-56,1,20,98,109
4,0,-66,1,33,-596,-98
4,1,-66,1,33,-589,151
4,2,-66,1,33,-497,352
4,3,-66,1,33,-319,524
4,4,-66,1,33,-86,616
4,5,-66,1,33,136,611
4,6,-66,1,33,361,505
4,7,-66,1,33,514,341
4,8,-66,1,33,602,105
4,9,-66,1,33,604,-116
4,10,-66,1,33,518,-339
4,11,-66,1,33,360,-508
4,12,-66,1,33,174,-597
4,13,-66,1,33,-64,-613
4,14,-66,1,33,-276,-543
4,15,-66,1,33,-475,-376
4,16,-66,1,33,-580,-164
4,17,-66,1,33,-598,106
4,18,-66,1,33,-508,359
4,19,-66,1,33,-348,529
4,20,-66,1,33,-115,625
4,21,-66,1,33,106,624
4,22,-66,1,33,339,524
4,23,-66,1,33,518,340
4,24,-66,1,33,607,132
4,25,-66,1,33,611,-121
4,26,-66,1,33,529,-327
4,27,-66,1,33,358,-504
4,28,-66,1,33,159,-593
4,29,-66,1,33,-86,-607
4,30,-66,1,33,-318,-529
4,31,-66,1,33,-483,-386
4,32,-66,1,33,-599,-165
4,32,-66,1,33,-618,70
4,33,-66,1,33,-613,62
4,33,-66,1,33,-550,290
4,34,-66,1,33,-520,305
4,34,-66,1,33,-388,480
4,35,-66,1,33,-196,582
4,35,-66,1,33,-362,478
4,36,-66,1,33,47,603
4,36,-66,1,33,-128,591
4,37,-66,1,33,121,615
4,37,-66,1,33,285,530
4,38,-66,1,33,465,393
4,38,-66,1,33,329,558
4,39,-66,1,33,516,403
4,39,-66,1,33,597,170
4,40,-66,1,33,612,182
4,40,-66,1,33,615,-72
4,41,-66,1,33,489,-358
4,41,-66,1,33,600,-143
4,42,-66,1,33,434,-479
4,42,-66,1,33,212,-598
4,43,-66,1,33,174,-703
4,43,-66,1,33,-109,-703
4,44,-66,1,33,-173,-799
4,44,-66,1,33,-463,-660
4,45,-66,1,33,-695,-470
4,45,-66,1,33,-457,-718
4,46,-66,1,33,-826,-153
4,46,-66,1,33,-696,-485
4,47,-66,1,33,-816,162
4,47,-66,1,33,-812,-199
4,48,-66,1,33,-685,480
4,48,-66,1,33,-832,142
4,49,-66,1,33,-738,455
4,49,-66,1,33,-457,718
4,50,-66,1,33,-194,839
4,50,-66,1,33,-556,675
4,51,-66,1,33,138,852
4,51,-66,1,33,-248,818
4,52,-66,1,33,72,834
4,52,-66,1,33,422,753
4,53,-66,1,33,676,528
4,53,-66,1,33,418,716
4,54,-66,1,33,822,221
4,54,-66,1,33,684,475
4,55,-66,1,33,853,-73
4,55,-66,1,33,822,201
4,56,-66,1,33,798,-362
4,56,-66,1,33,867,-99
4,57,-66,1,33,818,-302
4,57,-66,1,33,694,-532
4,58,-66,1,33,530,-621
4,58,-66,1,33,684,-442
4,59,-66,1,33,343,-630
4,59,-66,1,33,510,-506
4,60,-66,1,33,92,-605
4,60,-66,1,33,285,-559
4,61,-66,1,33,-178,-552
4,61,-66,1,33,51,-603
4,62,-66,1,33,-394,-460
4,62,-66,1,33,-153,-612
4,63,-66,1,33,-368,-530
4,63,-66,1,33,-559,-268
4,96,-66,1,33,-799,-97
4,97,-66,1,33,-808,217
4,98,-66,1,33,-684,525
4,99,-66,1,33,-433,748
4,100,-66,1,33,-137,846
4,101,-66,1,33,211,836
4,102,-66,1,33,484,707
4,103,-66,1,33,709,458
4,104,-66,1,33,829,206
4,105,-66,1,33,857,-46
4,106,-66,1,33,780,-230
4,107,-66,1,33,637,-351
4,108,-66,1,33,418,-465
4,109,-66,1,33,198,-550
4,110,-66,1,33,-57,-601
4,111,-66,1,33,-299,-556
4,112,-66,1,33,-476,-401
4,113,-66,1,33,-598,-105
4,114,-66,1,33,-593,227
4,115,-66,1,33,-456,582
4,116,-66,1,33,-226,792
4,117,-66,1,33,91,846
4,118,-66,1,33,400,731
4,119,-66,1,33,626,529
4,120,-66,1,33,789,232
4,121,-66,1,33,833,-59
4,122,-66,1,33,754,-382
4,123,-66,1,33,550,-654
4,124,-66,1,33,290,-811
4,125,-66,1,33,-47,-860
4,126,-66,1,33,-343,-774
4,127,-66,1,33,-626,-562
4,160,-66,1,33,-285,-557
4,161,-66,1,33,-515,-319
4,162,-66,1,33,-636,-8
4,163,-66,1,33,-626,371
4,164,-66,1,33,-481,646
4,165,-66,1,33,-202,815
4,166,-66,1,33,96,822
4,167,-66,1,33,423,697
4,168,-66,1,33,686,473
4,169,-66,1,33,828,218
4,170,-66,1,33,872,-100
4,171,-66,1,33,789,-385
4,172,-66,1,33,567,-654
4,173,-66,1,33,245,-809
4,174,-66,1,33,-85,-821
4,175,-66,1,33,-438,-685
4,176,-66,1,33,-676,-485
4,177,-66,1,33,-811,-239
4,178,-66,1,33,-810,-46
4,179,-66,1,33,-708,137
4,180,-66,1,33,-549,306
4,181,-66,1,33,-382,451
4,182,-66,1,33,-170,585
4,183,-66,1,33,47,635
4,184,-66,1,33,309,573
4,185,-66,1,33,521,384
4,186,-66,1,33,664,47
4,187,-66,1,33,656,-328
4,188,-66,1,33,516,-612
4,189,-66,1,33,234,-795
4,190,-66,1,33,-70,-818
4,191,-66,1,33,-401,-700
4,192,-66,1,33,-776,-307
4,192,-66,1,33,-665,-476
4,193,-66,1,33,-812,-222
4,193,-66,1,33,-841,-23
4,194,-66,1,33,-864,89
4,194,-66,1,33,-788,302
4,195,-66,1,33,-803,362
4,195,-66,1,33,-626,559
4,196,-66,1,33,-348,772
4,196,-66,1,33,-630,625
4,197,-66,1,33,-49,853
4,197,-66,1,33,-392,782
4,198,-66,1,33,290,811
4,198,-66,1,33,-62,847
4,199,-66,1,33,287,775
4,199,-66,1,33,577,623
4,200,-66,1,33,551,638
4,200,-66,1,33,753,399
4,201,-66,1,33,828,144
4,201,-66,1,33,731,443
4,202,-66,1,33,788,-51
4,202,-66,1,33,775,260
4,203,-66,1,33,644,-234
4,203,-66,1,33,717,49
4,204,-66,1,33,470,-380
4,204,-66,1,33,614,-143
4,205,-66,1,33,469,-356
4,205,-66,1,33,255,-524
4,206,-66,1,33,32,-618
4,206,-66,1,33,291,-532
4,207,-66,1,33,90,-620
4,207,-66,1,33,-173,-615
4,208,-66,1,33,-179,-599
4,208,-66,1,33,-397,-481
4,209,-66,1,33,-420,-446
4,209,-66,1,33,-549,-235
4,210,-66,1,33,-623,-144
4,210,-66,1,33,-615,132
4,211,-66,1,33,-687,232
4,211,-66,1,33,-524,503
4,212,-66,1,33,-312,741
4,212,-66,1,33,-587,538
4,213,-66,1,33,2,838
4,213,-66,1,33,-331,756
4,214,-66,1,33,287,793
4,214,-66,1,33,-40,825
4,215,-66,1,33,560,624
4,215,-66,1,33,293,767
4,216,-66,1,33,547,626
4,216,-66,1,33,739,408
4,217,-66,1,33,752,388
4,217,-66,1,33,845,109
4,218,-66,1,33,852,94
4,218,-66,1,33,823,-216
4,219,-66,1,33,842,-188
4,219,-66,1,33,685,-492
4,220,-66,1,33,716,-487
4,220,-66,1,33,411,-733
4,221,-66,1,33,504,-690
4,221,-66,1,33,101,-836
4,222,-66,1,33,179,-809
4,222,-66,1,33,-259,-806
4,223,-66,1,33,-146,-802
4,223,-66,1,33,-534,-661
4,256,-66,1,33,-237,-580
4,257,-66,1,33,-460,-400
4,258,-66,1,33,-635,-75
4,259,-66,1,33,-676,253
4,260,-66,1,33,-563,577
4,261,-66,1,33,-314,777
4,262,-66,1,33,-29,830
4,263,-66,1,33,299,768
4,264,-66,1,33,555,619
4,265,-66,1,33,768,372
4,266,-66,1,33,863,96
4,267,-66,1,33,845,-241
4,268,-66,1,33,674,-550
4,269,-66,1,33,426,-749
4,270,-66,1,33,74,-835
4,271,-66,1,33,-248,-793
4,272,-66,1,33,-550,-643
4,273,-66,1,33,-718,-466
4,274,-66,1,33,-772,-253
4,275,-66,1,33,-717,-40
4,276,-66,1,33,-620,149
4,277,-66,1,33,-494,351
4,278,-66,1,33,-365,503
4,279,-66,1,33,-179,615
4,280,-66,1,33,68,626
4,281,-66,1,33,325,511
4,282,-66,1,33,578,238
4,283,-66,1,33,706,-80
4,284,-66,1,33,670,-433
4,285,-66,1,33,487,-669
4,286,-66,1,33,159,-795
4,287,-66,1,33,-205,-777
4,288,-66,1,33,-494,-662
4,289,-66,1,33,-733,-444
4,290,-66,1,33,-846,-192
4,291,-66,1,33,-856,129
4,292,-66,1,33,-743,444
4,293,-66,1,33,-548,671
4,294,-66,1,33,-254,828
4,295,-66,1,33,42,861
4,296,-66,1,33,344,797
4,297,-66,1,33,538,680
4,298,-66,1,33,643,492
4,299,-66,1,33,650,256
4,300,-66,1,33,605,18
4,301,-66,1,33,514,-251
4,302,-66,1,33,392,-455
4,303,-66,1,33,194,-601
4,304,-66,1,33,-41,-622
4,305,-66,1,33,-334,-503
4,306,-66,1,33,-587,-239
4,307,-66,1,33,-708,76
4,308,-66,1,33,-686,429
4,309,-66,1,33,-518,669
4,310,-66,1,33,-219,808
4,311,-66,1,33,118,815
4,312,-66,1,33,401,724
4,313,-66,1,33,660,523
4,314,-66,1,33,807,276
4,315,-66,1,33,855,-48
4,316,-66,1,33,784,-337
4,317,-66,1,33,584,-613
4,318,-66,1,33,285,-794
4,319,-66,1,33,-18,-849
4,320,-66,1,33,-330,-809
4,321,-66,1,33,-520,-697
4,322,-66,1,33,-625,-518
4,323,-66,1,33,-637,-320
4,324,-66,1,33,-610,-68
4,325,-66,1,33,-557,190
4,326,-66,1,33,-473,399
4,327,-66,1,33,-303,569
4,328,-66,1,33,-76,629
4,329,-66,1,33,237,556
4,330,-66,1,33,534,330
4,331,-66,1,33,700,34
4,332,-66,1,33,716,-329
4,333,-66,1,33,568,-599
4,334,-66,1,33,278,-790
4,335,-66,1,33,-30,-834
4,336,-66,1,33,-368,-762
4,337,-66,1,33,-638,-566
4,338,-66,1,33,-798,-323
4,339,-66,1,33,-855,2
4,340,-66,1,33,-800,295
4,341,-66,1,33,-624,578
4,342,-66,1,33,-359,769
4,343,-66,1,33,-88,845
4,344,-66,1,33,201,832
4,345,-66,1,33,396,749
4,346,-66,1,33,527,590
4,347,-66,1,33,576,398
4,348,-66,1,33,591,141
4,349,-66,1,33,573,-130
4,350,-66,1,33,507,-352
4,351,-66,1,33,335,-537
4,352,-66,1,33,389,-508
4,352,-66,1,33,95,-615
4,353,-66,1,33,-239,-558
4,353,-66,1,33,77,-605
4,354,-66,1,33,-257,-580
4,354,-66,1,33,-525,-380
4,355,-66,1,33,-740,-68
4,355,-66,1,33,-597,-408
4,356,-66,1,33,-785,271
4,356,-66,1,33,-798,-122
4,357,-66,1,33,-817,170
4,357,-66,1,33,-675,528
4,358,-66,1,33,-674,478
4,358,-66,1,33,-421,723
4,359,-66,1,33,-445,687
4,359,-66,1,33,-129,802
4,360,-66,1,33,-132,825
4,360,-66,1,33,218,787
4,361,-66,1,33,192,846
4,361,-66,1,33,533,667
4,362,-66,1,33,743,470
4,362,-66,1,33,456,754
4,363,-66,1,33,875,174
4,363,-66,1,33,698,543
4,364,-66,1,33,877,-125
4,364,-66,1,33,831,274
4,365,-66,1,33,851,-69
4,365,-66,1,33,746,-438
4,366,-66,1,33,754,-367
4,366,-66,1,33,532,-656
4,367,-66,1,33,217,-797
4,367,-66,1,33,534,-644
4,368,-66,1,33,267,-821
4,368,-66,1,33,-97,-827
4,369,-66,1,33,47,-871
4,369,-66,1,33,-316,-774
4,370,-66,1,33,-154,-799
4,370,-66,1,33,-462,-646
4,371,-66,1,33,-526,-492
4,371,-66,1,33,-298,-647
4,372,-66,1,33,-567,-287
4,372,-66,1,33,-438,-419
4,373,-66,1,33,-594,-85
4,373,-66,1,33,-542,-202
4,374,-66,1,33,-609,39
4,374,-66,1,33,-593,153
4,375,-66,1,33,-585,270
4,375,-66,1,33,-506,380
4,376,-66,1,33,-316,533
4,376,-66,1,33,-456,453
4,377,-66,1,33,-194,605
4,377,-66,1,33,11,599
4,378,-66,1,33,121,645
4,378,-66,1,33,350,520
4,379,-66,1,33,660,282
4,379,-66,1,33,474,553
4,380,-66,1,33,803,-43
4,380,-66,1,33,728,332
4,381,-66,1,33,825,64
4,381,-66,1,33,767,-336
4,382,-66,1,33,567,-608
4,382,-66,1,33,773,-263
4,383,-66,1,33,613,-528
4,383,-66,1,33,307,-766
4,384,-66,1,33,-23,-835
4,385,-66,1,33,-309,-795
4,386,-66,1,33,-587,-634
4,387,-66,1,33,-782,-366
4,388,-66,1,33,-859,-71
4,389,-66,1,33,-822,267
4,390,-66,1,33,-671,527
4,391,-66,1,33,-401,741
4,392,-66,1,33,-124,837
4,393,-66,1,33,143,830
4,394,-66,1,33,329,716
4,395,-66,1,33,436,547
4,396,-66,1,33,523,315
4,397,-66,1,33,583,103
4,398,-66,1,33,609,-128
4,399,-66,1,33,546,-342
4,400,-66,1,33,379,-496
4,401,-66,1,33,74,-593
4,402,-66,1,33,-256,-566
4,403,-66,1,33,-596,-401
4,404,-66,1,33,-783,-152
4,405,-66,1,33,-827,175
4,406,-66,1,33,-684,480
4,407,-66,1,33,-456,689
4,408,-66,1,33,-128,815
4,409,-66,1,33,185,818
4,410,-66,1,33,508,681
4,411,-66,1,33,742,411
4,412,-66,1,33,838,97
4,413,-66,1,33,797,-271
4,414,-66,1,33,637,-551
4,415,-66,1,33,365,-771
4,416,-66,1,33,105,-864
4,417,-66,1,33,-142,-862
4,418,-66,1,33,-310,-758
4,419,-66,1,33,-409,-597
4,420,-66,1,33,-504,-374
4,421,-66,1,33,-583,-166
4,422,-66,1,33,-631,66
4,423,-66,1,33,-596,264
4,424,-66,1,33,-426,459
4,425,-66,1,33,-124,578
4,426,-66,1,33,208,574
4,427,-66,1,33,556,422
4,428,-66,1,33,754,178
4,429,-66,1,33,802,-154
4,430,-66,1,33,675,-468
4,431,-66,1,33,453,-681
4,432,-66,1,33,143,-826
4,433,-66,1,33,-155,-844
4,434,-66,1,33,-466,-731
4,435,-66,1,33,-690,-528
4,436,-66,1,33,-833,-213
4,437,-66,1,33,-840,131
4,438,-66,1,33,-737,414
4,439,-66,1,33,-527,669
4,440,-66,1,33,-306,812
4,441,-66,1,33,-74,861
4,442,-66,1,33,100,805
4,443,-66,1,33,267,651
4,444,-66,1,33,420,441
4,445,-66,1,33,538,231
4,446,-66,1,33,620,-18
4,447,-66,1,33,601,-242
4,448,-66,1,33,437,-463
4,449,-66,1,33,137,-597
4,450,-66,1,33,-193,-605
4,451,-66,1,33,-545,-471
4,452,-66,1,33,-762,-255
4,453,-66,1,33,-845,46
4,454,-66,1,33,-779,313
4,455,-66,1,33,-582,572
4,456,-66,1,33,-302,757
4,457,-66,1,33,-15,834
4,458,-66,1,33,312,804
4,459,-66,1,33,566,661
4,460,-66,1,33,778,397
4,461,-66,1,33,862,64
4,462,-66,1,33,826,-236
4,463,-66,1,33,662,-529
4,464,-66,1,33,453,-717
4,465,-66,1,33,205,-812
4,466,-66,1,33,7,-795
4,467,-66,1,33,-184,-685
4,468,-66,1,33,-356,-526
4,469,-66,1,33,-495,-368
4,470,-66,1,33,-613,-172
4,471,-66,1,33,-641,34
4,472,-66,1,33,-549,291
4,473,-66,1,33,-332,498
4,474,-66,1,33,24,638
4,475,-66,1,33,410,601
4,476,-66,1,33,681,433
4,477,-66,1,33,826,133
4,478,-66,1,33,810,-169
4,479,-66,1,33,651,-485
4,480,-66,1,33,393,-723
4,481,-66,1,33,119,-839
4,482,-66,1,33,-202,-846
4,483,-66,1,33,-466,-741
4,484,-66,1,33,-704,-524
4,485,-66,1,33,-828,-262
4,486,-66,1,33,-848,74
4,487,-66,1,33,-740,408
4,488,-66,1,33,-568,644
4,489,-66,1,33,-349,783
4,490,-66,1,33,-163,796
4,491,-66,1,33,37,710
4,492,-66,1,33,213,591
4,493,-66,1,33,406,434
4,494,-66,1,33,561,248
4,495,-66,1,33,624,41
4,496,-66,1,33,561,-229
4,497,-66,1,33,367,-457
4,498,-66,1,33,25,-625
4,499,-66,1,33,-361,-634
4,500,-66,1,33,-646,-492
4,501,-66,1,33,-834,-222
4,502,-66,1,33,-860,63
4,503,-66,1,33,-760,368
4,504,-66,1,33,-588,600
4,505,-66,1,33,-319,781
4,506,-66,1,33,4,847
4,507,-66,1,33,306,790
4,508,-66,1,33,605,593
4,509,-66,1,33,783,331
4,510,-66,1,33,845,-15
4,511,-66,1,33,779,-318
4,512,-66,1,33,617,-594
4,513,-66,1,33,424,-750
4,514,-66,1,33,253,-771
4,515,-66,1,33,61,-707
4,516,-66,1,33,-119,-611
4,517,-66,1,33,-325,-495
4,518,-66,1,33,-507,-354
4,519,-66,1,33,-607,-177
4,520,-66,1,33,-595,93
4,521,-66,1,33,-451,354
4,522,-66,1,33,-146,588
4,523,-66,1,33,186,670
4,524,-66,1,33,530,583
4,525,-66,1,33,757,334
4,526,-66,1,33,826,40
4,527,-66,1,33,768,-300
4,528,-66,1,33,612,-564
4,529,-66,1,33,354,-783
4,530,-66,1,33,35,-870
4,531,-66,1,33,-262,-830
4,532,-66,1,33,-558,-649
4,533,-66,1,33,-747,-400
4,534,-66,1,33,-831,-58
4,535,-66,1,33,-790,249
4,536,-66,1,33,-646,539
4,537,-66,1,33,-451,712
4,538,-66,1,33,-266,753
4,539,-66,1,33,-52,701
4,540,-66,1,33,144,605
4,541,-66,1,33,359,474
4,542,-66,1,33,520,332
4,543,-66,1,33,635,127
4,544,-66,1,33,622,-134
4,545,-66,1,33,491,-379
4,546,-66,1,33,210,-604
4,547,-66,1,33,-103,-708
4,548,-66,1,33,-444,-672
4,549,-66,1,33,-692,-485
4,550,-66,1,33,-803,-226
4,551,-66,1,33,-802,112
4,552,-66,1,33,-701,406
4,553,-66,1,33,-488,677
4,554,-66,1,33,-226,824
4,555,-66,1,33,113,862
4,556,-66,1,33,444,756
4,557,-66,1,33,678,548
4,558,-66,1,33,822,227
4,559,-66,1,33,844,-83
4,560,-66,1,33,765,-388
4,561,-66,1,33,641,-573
4,562,-66,1,33,462,-663
4,563,-66,1,33,248,-660
4,564,-66,1,33,32,-617
4,565,-66,1,33,-221,-541
4,566,-66,1,33,-423,-437
4,567,-66,1,33,-580,-251
4,568,-66,1,33,-615,19
4,569,-66,1,33,-508,301
4,570,-66,1,33,-253,593
4,571,-66,1,33,58,745
4,572,-66,1,33,400,730
4,573,-66,1,33,637,569
4,574,-66,1,33,785,267
4,575,-66,1,33,815,-78
4,576,-66,1,33,749,-371
4,577,-66,1,33,579,-640
4,578,-66,1,33,353,-799
4,579,-66,1,33,39,-865
4,580,-66,1,33,-294,-807
4,581,-66,1,33,-552,-651
4,582,-66,1,33,-759,-379
4,583,-66,1,33,-844,-85
4,584,-66,1,33,-839,238
4,585,-66,1,33,-751,453
4,586,-66,1,33,-575,580
4,587,-66,1,33,-342,618
4,588,-66,1,33,-109,612
4,589,-66,1,33,151,577
4,590,-66,1,33,355,507
4,591,-66,1,33,525,350
4,592,-66,1,33,595,127
4,593,-66,1,33,551,-195
4,594,-66,1,33,365,-519
4,595,-66,1,33,109,-725
4,596,-66,1,33,-215,-803
4,597,-66,1,33,-476,-713
4,598,-66,1,33,-696,-476
4,599,-66,1,33,-800,-144
4,600,-66,1,33,-795,170
4,601,-66,1,33,-667,492
4,602,-66,1,33,-459,711
4,603,-66,1,33,-141,839
4,604,-66,1,33,170,838
4,605,-66,1,33,490,704
4,606,-66,1,33,720,450
4,607,-66,1,33,821,163
4,608,-66,1,33,827,-159
4,609,-66,1,33,752,-381
4,610,-66,1,33,602,-528
4,611,-66,1,33,424,-580
4,612,-66,1,33,191,-599
4,613,-66,1,33,-56,-596
4,614,-66,1,33,-271,-556
4,615,-66,1,33,-477,-418
4,616,-66,1,33,-592,-198
4,617,-66,1,33,-585,141
4,618,-66,1,33,-413,484
4,619,-66,1,33,-147,698
4,620,-66,1,33,207,758
4,621,-66,1,33,492,645
4,622,-66,1,33,724,409
4,623,-66,1,33,826,193
